score,TARGET,score_bin
723.14,0,"(719.884, 725.226]"
732.96,0,"(729.815, 733.84]"
721.49,0,"(719.884, 725.226]"
747.24,0,"(742.46, 747.821]"
740.0,0,"(738.213, 742.46]"
714.89,0,"(714.108, 719.884]"
736.64,0,"(733.84, 738.213]"
704.28,0,"(692.399, 706.339]"
712.37,0,"(706.339, 714.108]"
741.02,0,"(738.213, 742.46]"
723.43,1,"(719.884, 725.226]"
703.38,1,"(692.399, 706.339]"
707.56,0,"(706.339, 714.108]"
729.27,0,"(725.226, 729.815]"
709.55,0,"(706.339, 714.108]"
702.49,0,"(692.399, 706.339]"
755.69,0,"(747.821, 763.22]"
706.21,0,"(692.399, 706.339]"
723.82,0,"(719.884, 725.226]"
748.94,0,"(747.821, 763.22]"
712.92,0,"(706.339, 714.108]"
724.4,0,"(719.884, 725.226]"
711.22,0,"(706.339, 714.108]"
704.82,0,"(692.399, 706.339]"
703.23,1,"(692.399, 706.339]"
710.32,0,"(706.339, 714.108]"
710.1,1,"(706.339, 714.108]"
730.92,0,"(729.815, 733.84]"
719.63,0,"(714.108, 719.884]"
750.0,0,"(747.821, 763.22]"
716.26,0,"(714.108, 719.884]"
736.26,0,"(733.84, 738.213]"
720.19,0,"(719.884, 725.226]"
738.74,0,"(738.213, 742.46]"
714.69,0,"(714.108, 719.884]"
734.03,0,"(733.84, 738.213]"
716.86,0,"(714.108, 719.884]"
733.18,0,"(729.815, 733.84]"
732.8,0,"(729.815, 733.84]"
745.79,0,"(742.46, 747.821]"
747.77,1,"(742.46, 747.821]"
733.02,0,"(729.815, 733.84]"
702.39,0,"(692.399, 706.339]"
700.85,0,"(692.399, 706.339]"
741.38,0,"(738.213, 742.46]"
744.76,0,"(742.46, 747.821]"
726.57,0,"(725.226, 729.815]"
748.43,0,"(747.821, 763.22]"
747.98,0,"(747.821, 763.22]"
730.32,0,"(729.815, 733.84]"
705.49,0,"(692.399, 706.339]"
716.56,0,"(714.108, 719.884]"
720.28,0,"(719.884, 725.226]"
707.23,0,"(706.339, 714.108]"
721.35,0,"(719.884, 725.226]"
713.42,0,"(706.339, 714.108]"
731.45,0,"(729.815, 733.84]"
696.85,1,"(692.399, 706.339]"
750.97,0,"(747.821, 763.22]"
731.75,0,"(729.815, 733.84]"
715.72,0,"(714.108, 719.884]"
711.27,0,"(706.339, 714.108]"
740.28,0,"(738.213, 742.46]"
739.32,0,"(738.213, 742.46]"
726.3,0,"(725.226, 729.815]"
739.13,0,"(738.213, 742.46]"
745.02,0,"(742.46, 747.821]"
718.13,0,"(714.108, 719.884]"
725.48,0,"(725.226, 729.815]"
706.58,0,"(706.339, 714.108]"
735.7,0,"(733.84, 738.213]"
709.81,0,"(706.339, 714.108]"
697.08,1,"(692.399, 706.339]"
756.49,0,"(747.821, 763.22]"
730.17,0,"(729.815, 733.84]"
728.72,0,"(725.226, 729.815]"
741.14,0,"(738.213, 742.46]"
750.35,0,"(747.821, 763.22]"
748.14,0,"(747.821, 763.22]"
747.2,0,"(742.46, 747.821]"
750.72,0,"(747.821, 763.22]"
753.91,0,"(747.821, 763.22]"
747.26,0,"(742.46, 747.821]"
730.92,1,"(729.815, 733.84]"
715.36,0,"(714.108, 719.884]"
730.59,0,"(729.815, 733.84]"
750.68,0,"(747.821, 763.22]"
701.42,1,"(692.399, 706.339]"
720.1,0,"(719.884, 725.226]"
743.71,0,"(742.46, 747.821]"
728.71,1,"(725.226, 729.815]"
742.11,0,"(738.213, 742.46]"
753.46,0,"(747.821, 763.22]"
728.89,1,"(725.226, 729.815]"
700.0,1,"(692.399, 706.339]"
748.33,0,"(747.821, 763.22]"
729.18,0,"(725.226, 729.815]"
734.46,0,"(733.84, 738.213]"
753.62,0,"(747.821, 763.22]"
739.86,0,"(738.213, 742.46]"
697.12,0,"(692.399, 706.339]"
728.2,0,"(725.226, 729.815]"
732.42,0,"(729.815, 733.84]"
725.73,0,"(725.226, 729.815]"
750.93,0,"(747.821, 763.22]"
701.41,0,"(692.399, 706.339]"
738.16,0,"(733.84, 738.213]"
745.96,0,"(742.46, 747.821]"
733.19,0,"(729.815, 733.84]"
721.63,1,"(719.884, 725.226]"
701.57,1,"(692.399, 706.339]"
722.57,0,"(719.884, 725.226]"
757.92,0,"(747.821, 763.22]"
751.83,0,"(747.821, 763.22]"
713.97,1,"(706.339, 714.108]"
740.76,0,"(738.213, 742.46]"
715.56,0,"(714.108, 719.884]"
708.98,0,"(706.339, 714.108]"
722.82,0,"(719.884, 725.226]"
707.96,0,"(706.339, 714.108]"
720.47,0,"(719.884, 725.226]"
732.81,0,"(729.815, 733.84]"
730.02,0,"(729.815, 733.84]"
723.65,0,"(719.884, 725.226]"
731.62,1,"(729.815, 733.84]"
731.03,0,"(729.815, 733.84]"
728.31,0,"(725.226, 729.815]"
723.6,0,"(719.884, 725.226]"
727.98,0,"(725.226, 729.815]"
712.94,0,"(706.339, 714.108]"
739.81,0,"(738.213, 742.46]"
716.88,0,"(714.108, 719.884]"
733.71,0,"(729.815, 733.84]"
732.07,0,"(729.815, 733.84]"
735.31,0,"(733.84, 738.213]"
704.66,0,"(692.399, 706.339]"
722.38,0,"(719.884, 725.226]"
703.62,1,"(692.399, 706.339]"
734.47,0,"(733.84, 738.213]"
735.34,0,"(733.84, 738.213]"
732.53,0,"(729.815, 733.84]"
732.45,0,"(729.815, 733.84]"
738.17,0,"(733.84, 738.213]"
725.99,1,"(725.226, 729.815]"
736.27,0,"(733.84, 738.213]"
745.06,0,"(742.46, 747.821]"
733.53,0,"(729.815, 733.84]"
726.84,0,"(725.226, 729.815]"
745.46,0,"(742.46, 747.821]"
753.38,0,"(747.821, 763.22]"
734.98,0,"(733.84, 738.213]"
761.4,0,"(747.821, 763.22]"
742.62,0,"(742.46, 747.821]"
741.16,0,"(738.213, 742.46]"
708.47,0,"(706.339, 714.108]"
740.18,0,"(738.213, 742.46]"
736.72,0,"(733.84, 738.213]"
703.37,0,"(692.399, 706.339]"
713.81,0,"(706.339, 714.108]"
696.91,0,"(692.399, 706.339]"
730.83,0,"(729.815, 733.84]"
712.57,0,"(706.339, 714.108]"
720.77,0,"(719.884, 725.226]"
748.78,0,"(747.821, 763.22]"
720.4,0,"(719.884, 725.226]"
739.74,0,"(738.213, 742.46]"
740.31,0,"(738.213, 742.46]"
737.65,0,"(733.84, 738.213]"
738.19,0,"(733.84, 738.213]"
748.65,0,"(747.821, 763.22]"
714.34,0,"(714.108, 719.884]"
745.74,0,"(742.46, 747.821]"
733.51,0,"(729.815, 733.84]"
697.74,0,"(692.399, 706.339]"
709.64,0,"(706.339, 714.108]"
704.77,1,"(692.399, 706.339]"
707.1,0,"(706.339, 714.108]"
715.78,0,"(714.108, 719.884]"
731.25,0,"(729.815, 733.84]"
717.49,0,"(714.108, 719.884]"
732.11,0,"(729.815, 733.84]"
730.28,0,"(729.815, 733.84]"
708.71,0,"(706.339, 714.108]"
749.13,0,"(747.821, 763.22]"
744.0,0,"(742.46, 747.821]"
752.59,0,"(747.821, 763.22]"
710.97,0,"(706.339, 714.108]"
746.41,1,"(742.46, 747.821]"
697.45,1,"(692.399, 706.339]"
738.48,0,"(738.213, 742.46]"
727.74,0,"(725.226, 729.815]"
705.36,1,"(692.399, 706.339]"
743.33,1,"(742.46, 747.821]"
716.34,0,"(714.108, 719.884]"
750.04,0,"(747.821, 763.22]"
741.99,0,"(738.213, 742.46]"
725.93,0,"(725.226, 729.815]"
728.5,0,"(725.226, 729.815]"
741.49,0,"(738.213, 742.46]"
714.44,0,"(714.108, 719.884]"
718.85,1,"(714.108, 719.884]"
734.19,0,"(733.84, 738.213]"
754.88,0,"(747.821, 763.22]"
733.65,1,"(729.815, 733.84]"
738.99,0,"(738.213, 742.46]"
726.07,0,"(725.226, 729.815]"
724.5,0,"(719.884, 725.226]"
713.09,0,"(706.339, 714.108]"
717.53,0,"(714.108, 719.884]"
729.79,0,"(725.226, 729.815]"
728.31,0,"(725.226, 729.815]"
721.48,0,"(719.884, 725.226]"
719.07,0,"(714.108, 719.884]"
730.73,0,"(729.815, 733.84]"
728.63,1,"(725.226, 729.815]"
715.53,0,"(714.108, 719.884]"
720.87,0,"(719.884, 725.226]"
730.02,0,"(729.815, 733.84]"
715.29,0,"(714.108, 719.884]"
730.91,1,"(729.815, 733.84]"
710.45,0,"(706.339, 714.108]"
711.52,0,"(706.339, 714.108]"
725.5,0,"(725.226, 729.815]"
737.23,0,"(733.84, 738.213]"
737.01,0,"(733.84, 738.213]"
742.58,0,"(742.46, 747.821]"
700.42,0,"(692.399, 706.339]"
724.22,0,"(719.884, 725.226]"
742.72,0,"(742.46, 747.821]"
716.38,0,"(714.108, 719.884]"
741.58,0,"(738.213, 742.46]"
703.55,0,"(692.399, 706.339]"
727.46,0,"(725.226, 729.815]"
725.48,0,"(725.226, 729.815]"
724.55,0,"(719.884, 725.226]"
753.14,0,"(747.821, 763.22]"
734.39,0,"(733.84, 738.213]"
734.72,0,"(733.84, 738.213]"
738.85,0,"(738.213, 742.46]"
742.15,0,"(738.213, 742.46]"
737.13,0,"(733.84, 738.213]"
731.28,0,"(729.815, 733.84]"
743.09,0,"(742.46, 747.821]"
748.86,0,"(747.821, 763.22]"
745.34,0,"(742.46, 747.821]"
721.5,0,"(719.884, 725.226]"
745.53,0,"(742.46, 747.821]"
742.57,0,"(742.46, 747.821]"
747.97,0,"(747.821, 763.22]"
723.39,1,"(719.884, 725.226]"
706.34,0,"(706.339, 714.108]"
711.99,0,"(706.339, 714.108]"
730.8,0,"(729.815, 733.84]"
746.37,0,"(742.46, 747.821]"
719.63,0,"(714.108, 719.884]"
707.24,0,"(706.339, 714.108]"
703.82,0,"(692.399, 706.339]"
708.52,1,"(706.339, 714.108]"
754.04,0,"(747.821, 763.22]"
719.2,0,"(714.108, 719.884]"
700.79,0,"(692.399, 706.339]"
742.0,0,"(738.213, 742.46]"
732.4,0,"(729.815, 733.84]"
701.62,0,"(692.399, 706.339]"
737.12,0,"(733.84, 738.213]"
733.3,0,"(729.815, 733.84]"
713.35,0,"(706.339, 714.108]"
737.35,0,"(733.84, 738.213]"
718.51,0,"(714.108, 719.884]"
744.5,0,"(742.46, 747.821]"
744.42,0,"(742.46, 747.821]"
732.81,0,"(729.815, 733.84]"
714.4,1,"(714.108, 719.884]"
716.63,1,"(714.108, 719.884]"
703.85,0,"(692.399, 706.339]"
749.01,0,"(747.821, 763.22]"
749.51,0,"(747.821, 763.22]"
736.82,0,"(733.84, 738.213]"
742.03,0,"(738.213, 742.46]"
715.64,1,"(714.108, 719.884]"
706.01,0,"(692.399, 706.339]"
729.14,0,"(725.226, 729.815]"
737.11,0,"(733.84, 738.213]"
739.81,0,"(738.213, 742.46]"
723.22,0,"(719.884, 725.226]"
726.69,0,"(725.226, 729.815]"
758.08,0,"(747.821, 763.22]"
737.76,0,"(733.84, 738.213]"
758.26,0,"(747.821, 763.22]"
712.06,0,"(706.339, 714.108]"
712.33,1,"(706.339, 714.108]"
722.4,0,"(719.884, 725.226]"
710.26,0,"(706.339, 714.108]"
720.18,0,"(719.884, 725.226]"
732.59,0,"(729.815, 733.84]"
729.0,0,"(725.226, 729.815]"
736.81,0,"(733.84, 738.213]"
726.62,0,"(725.226, 729.815]"
701.72,0,"(692.399, 706.339]"
743.21,0,"(742.46, 747.821]"
722.32,0,"(719.884, 725.226]"
720.46,0,"(719.884, 725.226]"
740.89,0,"(738.213, 742.46]"
705.95,0,"(692.399, 706.339]"
727.85,0,"(725.226, 729.815]"
717.35,0,"(714.108, 719.884]"
744.37,0,"(742.46, 747.821]"
738.58,0,"(738.213, 742.46]"
698.64,0,"(692.399, 706.339]"
698.36,1,"(692.399, 706.339]"
726.31,0,"(725.226, 729.815]"
713.8,0,"(706.339, 714.108]"
725.7,1,"(725.226, 729.815]"
745.33,0,"(742.46, 747.821]"
705.06,0,"(692.399, 706.339]"
704.07,0,"(692.399, 706.339]"
721.65,0,"(719.884, 725.226]"
732.66,0,"(729.815, 733.84]"
732.87,0,"(729.815, 733.84]"
742.18,0,"(738.213, 742.46]"
725.42,1,"(725.226, 729.815]"
738.46,1,"(738.213, 742.46]"
712.65,0,"(706.339, 714.108]"
730.03,0,"(729.815, 733.84]"
707.05,0,"(706.339, 714.108]"
747.53,0,"(742.46, 747.821]"
745.12,0,"(742.46, 747.821]"
750.14,0,"(747.821, 763.22]"
741.65,0,"(738.213, 742.46]"
710.68,0,"(706.339, 714.108]"
725.23,0,"(725.226, 729.815]"
744.65,0,"(742.46, 747.821]"
702.8,0,"(692.399, 706.339]"
747.48,0,"(742.46, 747.821]"
730.19,0,"(729.815, 733.84]"
733.78,0,"(729.815, 733.84]"
725.74,0,"(725.226, 729.815]"
723.15,0,"(719.884, 725.226]"
698.05,0,"(692.399, 706.339]"
722.71,0,"(719.884, 725.226]"
701.38,0,"(692.399, 706.339]"
705.64,1,"(692.399, 706.339]"
728.56,0,"(725.226, 729.815]"
701.71,0,"(692.399, 706.339]"
725.95,0,"(725.226, 729.815]"
741.21,0,"(738.213, 742.46]"
731.59,0,"(729.815, 733.84]"
741.2,0,"(738.213, 742.46]"
717.59,0,"(714.108, 719.884]"
723.2,0,"(719.884, 725.226]"
741.03,1,"(738.213, 742.46]"
734.01,0,"(733.84, 738.213]"
730.72,0,"(729.815, 733.84]"
736.92,0,"(733.84, 738.213]"
709.82,0,"(706.339, 714.108]"
699.12,1,"(692.399, 706.339]"
740.37,0,"(738.213, 742.46]"
742.68,0,"(742.46, 747.821]"
718.25,0,"(714.108, 719.884]"
712.35,1,"(706.339, 714.108]"
746.45,0,"(742.46, 747.821]"
746.95,0,"(742.46, 747.821]"
734.22,0,"(733.84, 738.213]"
712.84,0,"(706.339, 714.108]"
704.84,0,"(692.399, 706.339]"
724.79,0,"(719.884, 725.226]"
730.33,0,"(729.815, 733.84]"
706.36,0,"(706.339, 714.108]"
748.24,0,"(747.821, 763.22]"
717.83,0,"(714.108, 719.884]"
727.97,0,"(725.226, 729.815]"
743.56,0,"(742.46, 747.821]"
734.96,0,"(733.84, 738.213]"
739.16,0,"(738.213, 742.46]"
716.75,0,"(714.108, 719.884]"
714.31,0,"(714.108, 719.884]"
737.59,0,"(733.84, 738.213]"
716.1,0,"(714.108, 719.884]"
708.85,0,"(706.339, 714.108]"
716.8,0,"(714.108, 719.884]"
699.54,1,"(692.399, 706.339]"
736.51,0,"(733.84, 738.213]"
725.79,0,"(725.226, 729.815]"
735.32,0,"(733.84, 738.213]"
715.26,0,"(714.108, 719.884]"
701.6,0,"(692.399, 706.339]"
725.45,0,"(725.226, 729.815]"
727.68,0,"(725.226, 729.815]"
727.74,0,"(725.226, 729.815]"
722.98,0,"(719.884, 725.226]"
741.65,0,"(738.213, 742.46]"
704.14,0,"(692.399, 706.339]"
729.06,0,"(725.226, 729.815]"
733.5,1,"(729.815, 733.84]"
725.61,0,"(725.226, 729.815]"
742.67,0,"(742.46, 747.821]"
743.07,0,"(742.46, 747.821]"
737.36,0,"(733.84, 738.213]"
740.1,0,"(738.213, 742.46]"
737.15,0,"(733.84, 738.213]"
730.09,0,"(729.815, 733.84]"
717.69,0,"(714.108, 719.884]"
704.38,1,"(692.399, 706.339]"
746.37,0,"(742.46, 747.821]"
706.87,0,"(706.339, 714.108]"
732.01,0,"(729.815, 733.84]"
715.86,0,"(714.108, 719.884]"
749.83,0,"(747.821, 763.22]"
729.2,0,"(725.226, 729.815]"
740.09,0,"(738.213, 742.46]"
715.74,1,"(714.108, 719.884]"
725.77,0,"(725.226, 729.815]"
728.38,0,"(725.226, 729.815]"
718.8,0,"(714.108, 719.884]"
708.28,0,"(706.339, 714.108]"
728.26,1,"(725.226, 729.815]"
692.4,0,"(692.399, 706.339]"
739.17,0,"(738.213, 742.46]"
721.51,0,"(719.884, 725.226]"
720.74,0,"(719.884, 725.226]"
723.81,1,"(719.884, 725.226]"
699.4,0,"(692.399, 706.339]"
714.78,0,"(714.108, 719.884]"
736.68,0,"(733.84, 738.213]"
748.39,0,"(747.821, 763.22]"
738.69,1,"(738.213, 742.46]"
741.35,0,"(738.213, 742.46]"
718.57,0,"(714.108, 719.884]"
736.74,1,"(733.84, 738.213]"
743.86,0,"(742.46, 747.821]"
737.5,0,"(733.84, 738.213]"
714.61,0,"(714.108, 719.884]"
727.59,0,"(725.226, 729.815]"
724.07,1,"(719.884, 725.226]"
715.89,0,"(714.108, 719.884]"
754.48,0,"(747.821, 763.22]"
754.32,0,"(747.821, 763.22]"
728.12,0,"(725.226, 729.815]"
724.21,0,"(719.884, 725.226]"
739.81,0,"(738.213, 742.46]"
727.78,0,"(725.226, 729.815]"
728.93,0,"(725.226, 729.815]"
723.31,0,"(719.884, 725.226]"
742.94,0,"(742.46, 747.821]"
718.78,0,"(714.108, 719.884]"
742.74,0,"(742.46, 747.821]"
735.24,0,"(733.84, 738.213]"
726.43,1,"(725.226, 729.815]"
710.64,0,"(706.339, 714.108]"
734.98,0,"(733.84, 738.213]"
704.94,1,"(692.399, 706.339]"
728.63,0,"(725.226, 729.815]"
720.9,0,"(719.884, 725.226]"
733.53,0,"(729.815, 733.84]"
736.03,0,"(733.84, 738.213]"
739.32,0,"(738.213, 742.46]"
743.3,0,"(742.46, 747.821]"
724.78,0,"(719.884, 725.226]"
701.98,0,"(692.399, 706.339]"
740.57,0,"(738.213, 742.46]"
757.07,0,"(747.821, 763.22]"
743.93,0,"(742.46, 747.821]"
731.38,0,"(729.815, 733.84]"
740.54,0,"(738.213, 742.46]"
744.25,0,"(742.46, 747.821]"
746.29,0,"(742.46, 747.821]"
740.08,0,"(738.213, 742.46]"
725.34,0,"(725.226, 729.815]"
754.76,0,"(747.821, 763.22]"
750.12,0,"(747.821, 763.22]"
739.49,0,"(738.213, 742.46]"
739.94,0,"(738.213, 742.46]"
706.85,0,"(706.339, 714.108]"
749.67,0,"(747.821, 763.22]"
732.16,0,"(729.815, 733.84]"
749.96,0,"(747.821, 763.22]"
751.4,0,"(747.821, 763.22]"
712.49,0,"(706.339, 714.108]"
721.92,0,"(719.884, 725.226]"
710.92,0,"(706.339, 714.108]"
709.37,0,"(706.339, 714.108]"
711.9,0,"(706.339, 714.108]"
761.83,0,"(747.821, 763.22]"
738.35,0,"(738.213, 742.46]"
734.53,0,"(733.84, 738.213]"
737.86,0,"(733.84, 738.213]"
727.08,1,"(725.226, 729.815]"
731.83,0,"(729.815, 733.84]"
725.12,0,"(719.884, 725.226]"
706.32,0,"(692.399, 706.339]"
700.07,1,"(692.399, 706.339]"
717.47,0,"(714.108, 719.884]"
730.14,0,"(729.815, 733.84]"
730.84,0,"(729.815, 733.84]"
719.94,1,"(719.884, 725.226]"
726.72,0,"(725.226, 729.815]"
760.0,0,"(747.821, 763.22]"
725.94,0,"(725.226, 729.815]"
718.44,0,"(714.108, 719.884]"
712.69,0,"(706.339, 714.108]"
700.54,0,"(692.399, 706.339]"
749.94,0,"(747.821, 763.22]"
735.27,0,"(733.84, 738.213]"
739.9,0,"(738.213, 742.46]"
726.12,0,"(725.226, 729.815]"
735.02,0,"(733.84, 738.213]"
719.54,0,"(714.108, 719.884]"
730.11,0,"(729.815, 733.84]"
742.18,0,"(738.213, 742.46]"
728.31,0,"(725.226, 729.815]"
722.21,0,"(719.884, 725.226]"
711.91,0,"(706.339, 714.108]"
710.33,1,"(706.339, 714.108]"
715.71,0,"(714.108, 719.884]"
742.04,0,"(738.213, 742.46]"
740.57,0,"(738.213, 742.46]"
730.96,0,"(729.815, 733.84]"
759.27,0,"(747.821, 763.22]"
738.24,0,"(738.213, 742.46]"
751.52,0,"(747.821, 763.22]"
716.25,0,"(714.108, 719.884]"
739.91,0,"(738.213, 742.46]"
723.67,0,"(719.884, 725.226]"
733.08,0,"(729.815, 733.84]"
749.44,0,"(747.821, 763.22]"
751.41,0,"(747.821, 763.22]"
731.88,0,"(729.815, 733.84]"
722.55,0,"(719.884, 725.226]"
709.65,0,"(706.339, 714.108]"
731.2,0,"(729.815, 733.84]"
712.19,1,"(706.339, 714.108]"
700.36,0,"(692.399, 706.339]"
717.27,0,"(714.108, 719.884]"
713.55,0,"(706.339, 714.108]"
719.34,0,"(714.108, 719.884]"
731.19,1,"(729.815, 733.84]"
738.57,0,"(738.213, 742.46]"
751.56,0,"(747.821, 763.22]"
724.19,0,"(719.884, 725.226]"
727.07,0,"(725.226, 729.815]"
729.57,0,"(725.226, 729.815]"
728.53,0,"(725.226, 729.815]"
732.01,0,"(729.815, 733.84]"
729.29,0,"(725.226, 729.815]"
712.48,0,"(706.339, 714.108]"
716.69,0,"(714.108, 719.884]"
740.57,0,"(738.213, 742.46]"
743.67,0,"(742.46, 747.821]"
710.3,0,"(706.339, 714.108]"
725.06,0,"(719.884, 725.226]"
713.67,0,"(706.339, 714.108]"
726.2,0,"(725.226, 729.815]"
742.11,0,"(738.213, 742.46]"
731.76,0,"(729.815, 733.84]"
734.52,0,"(733.84, 738.213]"
747.62,0,"(742.46, 747.821]"
716.14,0,"(714.108, 719.884]"
739.31,0,"(738.213, 742.46]"
733.57,0,"(729.815, 733.84]"
729.74,0,"(725.226, 729.815]"
714.41,1,"(714.108, 719.884]"
730.43,0,"(729.815, 733.84]"
711.04,0,"(706.339, 714.108]"
729.78,0,"(725.226, 729.815]"
723.73,0,"(719.884, 725.226]"
711.96,0,"(706.339, 714.108]"
723.72,0,"(719.884, 725.226]"
715.83,1,"(714.108, 719.884]"
756.98,0,"(747.821, 763.22]"
751.51,0,"(747.821, 763.22]"
715.57,0,"(714.108, 719.884]"
749.42,0,"(747.821, 763.22]"
702.69,0,"(692.399, 706.339]"
736.88,0,"(733.84, 738.213]"
712.1,0,"(706.339, 714.108]"
747.86,0,"(747.821, 763.22]"
724.5,0,"(719.884, 725.226]"
744.06,0,"(742.46, 747.821]"
748.21,0,"(747.821, 763.22]"
746.81,0,"(742.46, 747.821]"
714.48,0,"(714.108, 719.884]"
716.81,0,"(714.108, 719.884]"
722.57,0,"(719.884, 725.226]"
723.08,0,"(719.884, 725.226]"
697.62,0,"(692.399, 706.339]"
730.35,0,"(729.815, 733.84]"
733.95,0,"(733.84, 738.213]"
723.54,0,"(719.884, 725.226]"
706.7,0,"(706.339, 714.108]"
746.49,0,"(742.46, 747.821]"
729.29,0,"(725.226, 729.815]"
738.1,0,"(733.84, 738.213]"
718.71,0,"(714.108, 719.884]"
716.71,0,"(714.108, 719.884]"
749.05,0,"(747.821, 763.22]"
734.4,0,"(733.84, 738.213]"
701.25,0,"(692.399, 706.339]"
713.54,0,"(706.339, 714.108]"
733.82,0,"(729.815, 733.84]"
751.79,0,"(747.821, 763.22]"
726.9,0,"(725.226, 729.815]"
719.81,0,"(714.108, 719.884]"
739.84,0,"(738.213, 742.46]"
725.2,0,"(719.884, 725.226]"
717.93,0,"(714.108, 719.884]"
738.49,0,"(738.213, 742.46]"
703.1,1,"(692.399, 706.339]"
725.03,0,"(719.884, 725.226]"
730.3,0,"(729.815, 733.84]"
732.31,0,"(729.815, 733.84]"
731.98,0,"(729.815, 733.84]"
732.25,0,"(729.815, 733.84]"
706.66,1,"(706.339, 714.108]"
729.17,0,"(725.226, 729.815]"
742.46,0,"(738.213, 742.46]"
731.61,0,"(729.815, 733.84]"
749.99,0,"(747.821, 763.22]"
716.49,0,"(714.108, 719.884]"
732.26,0,"(729.815, 733.84]"
731.59,0,"(729.815, 733.84]"
721.45,0,"(719.884, 725.226]"
734.9,0,"(733.84, 738.213]"
742.69,0,"(742.46, 747.821]"
729.26,0,"(725.226, 729.815]"
748.21,0,"(747.821, 763.22]"
732.5,0,"(729.815, 733.84]"
719.5,0,"(714.108, 719.884]"
735.13,0,"(733.84, 738.213]"
733.11,0,"(729.815, 733.84]"
732.35,1,"(729.815, 733.84]"
746.46,0,"(742.46, 747.821]"
745.53,0,"(742.46, 747.821]"
728.19,0,"(725.226, 729.815]"
722.53,0,"(719.884, 725.226]"
720.02,0,"(719.884, 725.226]"
742.39,0,"(738.213, 742.46]"
728.57,0,"(725.226, 729.815]"
737.29,0,"(733.84, 738.213]"
701.09,1,"(692.399, 706.339]"
703.63,0,"(692.399, 706.339]"
732.99,0,"(729.815, 733.84]"
743.92,0,"(742.46, 747.821]"
738.78,0,"(738.213, 742.46]"
721.28,0,"(719.884, 725.226]"
739.98,0,"(738.213, 742.46]"
716.87,0,"(714.108, 719.884]"
728.26,0,"(725.226, 729.815]"
711.51,0,"(706.339, 714.108]"
709.15,0,"(706.339, 714.108]"
730.17,0,"(729.815, 733.84]"
757.85,0,"(747.821, 763.22]"
752.65,0,"(747.821, 763.22]"
723.37,0,"(719.884, 725.226]"
754.14,0,"(747.821, 763.22]"
752.28,0,"(747.821, 763.22]"
737.61,0,"(733.84, 738.213]"
751.32,0,"(747.821, 763.22]"
748.96,0,"(747.821, 763.22]"
725.7,0,"(725.226, 729.815]"
746.16,0,"(742.46, 747.821]"
705.39,0,"(692.399, 706.339]"
746.53,0,"(742.46, 747.821]"
717.18,0,"(714.108, 719.884]"
719.77,0,"(714.108, 719.884]"
734.56,0,"(733.84, 738.213]"
747.65,0,"(742.46, 747.821]"
744.86,0,"(742.46, 747.821]"
747.49,0,"(742.46, 747.821]"
703.49,0,"(692.399, 706.339]"
746.01,0,"(742.46, 747.821]"
714.93,0,"(714.108, 719.884]"
746.61,0,"(742.46, 747.821]"
737.75,0,"(733.84, 738.213]"
725.13,0,"(719.884, 725.226]"
708.5,0,"(706.339, 714.108]"
731.52,0,"(729.815, 733.84]"
735.84,0,"(733.84, 738.213]"
752.73,0,"(747.821, 763.22]"
718.07,0,"(714.108, 719.884]"
705.57,1,"(692.399, 706.339]"
716.98,1,"(714.108, 719.884]"
745.8,0,"(742.46, 747.821]"
718.45,0,"(714.108, 719.884]"
721.98,0,"(719.884, 725.226]"
711.27,1,"(706.339, 714.108]"
755.81,0,"(747.821, 763.22]"
725.65,0,"(725.226, 729.815]"
725.81,0,"(725.226, 729.815]"
715.45,0,"(714.108, 719.884]"
744.19,0,"(742.46, 747.821]"
740.74,0,"(738.213, 742.46]"
723.41,0,"(719.884, 725.226]"
723.56,0,"(719.884, 725.226]"
723.72,0,"(719.884, 725.226]"
724.46,0,"(719.884, 725.226]"
759.35,0,"(747.821, 763.22]"
740.64,0,"(738.213, 742.46]"
716.8,0,"(714.108, 719.884]"
699.89,0,"(692.399, 706.339]"
700.68,0,"(692.399, 706.339]"
734.16,0,"(733.84, 738.213]"
720.34,0,"(719.884, 725.226]"
729.75,0,"(725.226, 729.815]"
714.44,0,"(714.108, 719.884]"
705.02,0,"(692.399, 706.339]"
720.72,0,"(719.884, 725.226]"
739.92,0,"(738.213, 742.46]"
720.55,0,"(719.884, 725.226]"
751.65,0,"(747.821, 763.22]"
726.03,0,"(725.226, 729.815]"
734.98,0,"(733.84, 738.213]"
743.16,0,"(742.46, 747.821]"
745.64,0,"(742.46, 747.821]"
737.7,0,"(733.84, 738.213]"
734.43,0,"(733.84, 738.213]"
754.34,0,"(747.821, 763.22]"
729.7,0,"(725.226, 729.815]"
721.26,0,"(719.884, 725.226]"
699.94,0,"(692.399, 706.339]"
736.66,0,"(733.84, 738.213]"
741.5,0,"(738.213, 742.46]"
729.93,0,"(729.815, 733.84]"
741.46,0,"(738.213, 742.46]"
723.27,0,"(719.884, 725.226]"
732.41,0,"(729.815, 733.84]"
698.14,0,"(692.399, 706.339]"
718.38,0,"(714.108, 719.884]"
739.97,0,"(738.213, 742.46]"
714.64,0,"(714.108, 719.884]"
719.26,0,"(714.108, 719.884]"
748.15,0,"(747.821, 763.22]"
703.48,0,"(692.399, 706.339]"
733.01,0,"(729.815, 733.84]"
718.19,0,"(714.108, 719.884]"
752.08,0,"(747.821, 763.22]"
719.89,0,"(719.884, 725.226]"
699.39,0,"(692.399, 706.339]"
725.86,1,"(725.226, 729.815]"
700.54,0,"(692.399, 706.339]"
746.76,0,"(742.46, 747.821]"
736.48,0,"(733.84, 738.213]"
745.13,0,"(742.46, 747.821]"
742.97,0,"(742.46, 747.821]"
734.23,0,"(733.84, 738.213]"
742.9,0,"(742.46, 747.821]"
738.68,0,"(738.213, 742.46]"
737.94,0,"(733.84, 738.213]"
710.11,0,"(706.339, 714.108]"
738.07,0,"(733.84, 738.213]"
746.9,0,"(742.46, 747.821]"
733.42,0,"(729.815, 733.84]"
714.77,0,"(714.108, 719.884]"
725.29,1,"(725.226, 729.815]"
717.83,0,"(714.108, 719.884]"
743.66,0,"(742.46, 747.821]"
737.73,0,"(733.84, 738.213]"
732.85,0,"(729.815, 733.84]"
736.92,0,"(733.84, 738.213]"
740.66,0,"(738.213, 742.46]"
724.9,0,"(719.884, 725.226]"
717.21,0,"(714.108, 719.884]"
704.07,0,"(692.399, 706.339]"
742.42,0,"(738.213, 742.46]"
700.86,0,"(692.399, 706.339]"
730.95,0,"(729.815, 733.84]"
719.63,1,"(714.108, 719.884]"
731.12,0,"(729.815, 733.84]"
727.24,0,"(725.226, 729.815]"
747.9,0,"(747.821, 763.22]"
727.94,0,"(725.226, 729.815]"
718.13,0,"(714.108, 719.884]"
731.23,1,"(729.815, 733.84]"
739.8,0,"(738.213, 742.46]"
720.09,0,"(719.884, 725.226]"
750.36,0,"(747.821, 763.22]"
725.42,0,"(725.226, 729.815]"
723.42,0,"(719.884, 725.226]"
744.18,0,"(742.46, 747.821]"
749.28,0,"(747.821, 763.22]"
755.51,0,"(747.821, 763.22]"
722.64,0,"(719.884, 725.226]"
698.06,0,"(692.399, 706.339]"
701.09,0,"(692.399, 706.339]"
708.67,0,"(706.339, 714.108]"
751.05,0,"(747.821, 763.22]"
711.36,1,"(706.339, 714.108]"
756.2,0,"(747.821, 763.22]"
706.88,0,"(706.339, 714.108]"
753.06,0,"(747.821, 763.22]"
738.1,0,"(733.84, 738.213]"
744.82,1,"(742.46, 747.821]"
731.11,1,"(729.815, 733.84]"
749.57,0,"(747.821, 763.22]"
719.53,0,"(714.108, 719.884]"
740.13,1,"(738.213, 742.46]"
748.06,0,"(747.821, 763.22]"
739.66,0,"(738.213, 742.46]"
728.15,0,"(725.226, 729.815]"
734.94,0,"(733.84, 738.213]"
728.12,0,"(725.226, 729.815]"
726.97,0,"(725.226, 729.815]"
732.02,0,"(729.815, 733.84]"
712.36,0,"(706.339, 714.108]"
749.18,0,"(747.821, 763.22]"
749.95,0,"(747.821, 763.22]"
718.57,0,"(714.108, 719.884]"
729.57,1,"(725.226, 729.815]"
727.55,0,"(725.226, 729.815]"
745.83,0,"(742.46, 747.821]"
727.26,0,"(725.226, 729.815]"
701.98,1,"(692.399, 706.339]"
732.49,0,"(729.815, 733.84]"
738.35,0,"(738.213, 742.46]"
725.7,0,"(725.226, 729.815]"
751.81,0,"(747.821, 763.22]"
726.53,0,"(725.226, 729.815]"
729.36,0,"(725.226, 729.815]"
745.69,0,"(742.46, 747.821]"
720.33,0,"(719.884, 725.226]"
742.69,0,"(742.46, 747.821]"
724.85,0,"(719.884, 725.226]"
754.19,0,"(747.821, 763.22]"
745.77,0,"(742.46, 747.821]"
741.8,0,"(738.213, 742.46]"
722.39,0,"(719.884, 725.226]"
728.61,0,"(725.226, 729.815]"
713.18,1,"(706.339, 714.108]"
724.9,0,"(719.884, 725.226]"
725.7,0,"(725.226, 729.815]"
732.57,0,"(729.815, 733.84]"
707.22,0,"(706.339, 714.108]"
745.93,0,"(742.46, 747.821]"
731.29,0,"(729.815, 733.84]"
721.16,0,"(719.884, 725.226]"
740.18,0,"(738.213, 742.46]"
699.46,0,"(692.399, 706.339]"
742.46,0,"(738.213, 742.46]"
734.87,0,"(733.84, 738.213]"
715.26,0,"(714.108, 719.884]"
713.95,0,"(706.339, 714.108]"
739.28,0,"(738.213, 742.46]"
706.76,1,"(706.339, 714.108]"
741.44,0,"(738.213, 742.46]"
703.26,0,"(692.399, 706.339]"
709.54,0,"(706.339, 714.108]"
699.6,0,"(692.399, 706.339]"
702.08,0,"(692.399, 706.339]"
754.15,0,"(747.821, 763.22]"
726.72,0,"(725.226, 729.815]"
742.49,0,"(742.46, 747.821]"
737.78,0,"(733.84, 738.213]"
723.01,0,"(719.884, 725.226]"
710.81,0,"(706.339, 714.108]"
748.14,0,"(747.821, 763.22]"
707.42,0,"(706.339, 714.108]"
735.78,0,"(733.84, 738.213]"
716.06,0,"(714.108, 719.884]"
733.82,0,"(729.815, 733.84]"
742.82,0,"(742.46, 747.821]"
750.49,0,"(747.821, 763.22]"
703.06,0,"(692.399, 706.339]"
728.62,0,"(725.226, 729.815]"
733.79,0,"(729.815, 733.84]"
745.47,0,"(742.46, 747.821]"
712.65,0,"(706.339, 714.108]"
743.25,0,"(742.46, 747.821]"
718.85,0,"(714.108, 719.884]"
710.54,0,"(706.339, 714.108]"
721.96,0,"(719.884, 725.226]"
740.22,0,"(738.213, 742.46]"
734.0,0,"(733.84, 738.213]"
718.81,0,"(714.108, 719.884]"
718.99,0,"(714.108, 719.884]"
724.93,0,"(719.884, 725.226]"
728.69,1,"(725.226, 729.815]"
752.73,0,"(747.821, 763.22]"
732.37,0,"(729.815, 733.84]"
733.76,0,"(729.815, 733.84]"
715.86,1,"(714.108, 719.884]"
731.85,0,"(729.815, 733.84]"
758.11,0,"(747.821, 763.22]"
711.27,0,"(706.339, 714.108]"
714.8,0,"(714.108, 719.884]"
715.87,0,"(714.108, 719.884]"
708.09,0,"(706.339, 714.108]"
717.75,0,"(714.108, 719.884]"
717.55,0,"(714.108, 719.884]"
715.63,0,"(714.108, 719.884]"
720.68,0,"(719.884, 725.226]"
699.61,0,"(692.399, 706.339]"
728.96,0,"(725.226, 729.815]"
728.84,0,"(725.226, 729.815]"
717.36,0,"(714.108, 719.884]"
745.57,0,"(742.46, 747.821]"
737.14,0,"(733.84, 738.213]"
718.99,0,"(714.108, 719.884]"
705.35,0,"(692.399, 706.339]"
727.16,0,"(725.226, 729.815]"
732.33,0,"(729.815, 733.84]"
749.81,0,"(747.821, 763.22]"
728.11,0,"(725.226, 729.815]"
740.43,0,"(738.213, 742.46]"
727.77,0,"(725.226, 729.815]"
747.39,1,"(742.46, 747.821]"
739.92,0,"(738.213, 742.46]"
729.65,0,"(725.226, 729.815]"
735.0,0,"(733.84, 738.213]"
747.16,1,"(742.46, 747.821]"
748.33,0,"(747.821, 763.22]"
723.83,0,"(719.884, 725.226]"
746.13,0,"(742.46, 747.821]"
746.1,0,"(742.46, 747.821]"
731.37,0,"(729.815, 733.84]"
720.44,0,"(719.884, 725.226]"
724.24,0,"(719.884, 725.226]"
707.6,1,"(706.339, 714.108]"
736.74,0,"(733.84, 738.213]"
726.78,0,"(725.226, 729.815]"
741.69,0,"(738.213, 742.46]"
741.1,0,"(738.213, 742.46]"
729.98,1,"(729.815, 733.84]"
719.97,0,"(719.884, 725.226]"
746.39,0,"(742.46, 747.821]"
725.07,0,"(719.884, 725.226]"
738.06,0,"(733.84, 738.213]"
718.64,1,"(714.108, 719.884]"
750.7,0,"(747.821, 763.22]"
738.53,0,"(738.213, 742.46]"
719.89,0,"(719.884, 725.226]"
697.81,1,"(692.399, 706.339]"
713.5,0,"(706.339, 714.108]"
733.84,0,"(729.815, 733.84]"
715.66,0,"(714.108, 719.884]"
744.22,1,"(742.46, 747.821]"
746.51,0,"(742.46, 747.821]"
725.87,0,"(725.226, 729.815]"
717.81,0,"(714.108, 719.884]"
721.35,0,"(719.884, 725.226]"
741.74,0,"(738.213, 742.46]"
737.89,0,"(733.84, 738.213]"
744.18,0,"(742.46, 747.821]"
715.0,0,"(714.108, 719.884]"
705.03,0,"(692.399, 706.339]"
735.03,0,"(733.84, 738.213]"
743.5,0,"(742.46, 747.821]"
711.75,0,"(706.339, 714.108]"
736.56,0,"(733.84, 738.213]"
735.71,0,"(733.84, 738.213]"
739.03,0,"(738.213, 742.46]"
724.2,1,"(719.884, 725.226]"
721.35,0,"(719.884, 725.226]"
738.3,0,"(738.213, 742.46]"
703.95,0,"(692.399, 706.339]"
734.52,0,"(733.84, 738.213]"
759.11,0,"(747.821, 763.22]"
733.55,0,"(729.815, 733.84]"
739.78,0,"(738.213, 742.46]"
723.45,0,"(719.884, 725.226]"
710.86,0,"(706.339, 714.108]"
730.24,0,"(729.815, 733.84]"
716.04,0,"(714.108, 719.884]"
721.42,0,"(719.884, 725.226]"
744.05,0,"(742.46, 747.821]"
727.31,0,"(725.226, 729.815]"
699.87,1,"(692.399, 706.339]"
715.01,0,"(714.108, 719.884]"
737.22,1,"(733.84, 738.213]"
734.13,0,"(733.84, 738.213]"
735.43,0,"(733.84, 738.213]"
737.69,0,"(733.84, 738.213]"
709.45,0,"(706.339, 714.108]"
745.39,0,"(742.46, 747.821]"
719.11,0,"(714.108, 719.884]"
716.04,0,"(714.108, 719.884]"
743.61,0,"(742.46, 747.821]"
700.44,0,"(692.399, 706.339]"
724.71,0,"(719.884, 725.226]"
712.97,0,"(706.339, 714.108]"
745.27,0,"(742.46, 747.821]"
725.92,0,"(725.226, 729.815]"
704.24,0,"(692.399, 706.339]"
742.79,0,"(742.46, 747.821]"
756.7,0,"(747.821, 763.22]"
751.4,0,"(747.821, 763.22]"
703.88,1,"(692.399, 706.339]"
754.91,0,"(747.821, 763.22]"
738.34,0,"(738.213, 742.46]"
743.02,0,"(742.46, 747.821]"
724.71,0,"(719.884, 725.226]"
743.48,0,"(742.46, 747.821]"
732.93,0,"(729.815, 733.84]"
716.41,0,"(714.108, 719.884]"
733.84,0,"(729.815, 733.84]"
744.97,0,"(742.46, 747.821]"
704.54,0,"(692.399, 706.339]"
739.28,0,"(738.213, 742.46]"
708.68,1,"(706.339, 714.108]"
713.8,0,"(706.339, 714.108]"
743.76,0,"(742.46, 747.821]"
742.85,0,"(742.46, 747.821]"
710.21,0,"(706.339, 714.108]"
738.05,0,"(733.84, 738.213]"
752.34,0,"(747.821, 763.22]"
733.9,0,"(733.84, 738.213]"
744.16,0,"(742.46, 747.821]"
713.0,0,"(706.339, 714.108]"
745.98,0,"(742.46, 747.821]"
734.65,0,"(733.84, 738.213]"
700.26,1,"(692.399, 706.339]"
755.66,0,"(747.821, 763.22]"
745.46,0,"(742.46, 747.821]"
742.74,0,"(742.46, 747.821]"
710.15,0,"(706.339, 714.108]"
705.49,0,"(692.399, 706.339]"
744.87,0,"(742.46, 747.821]"
727.52,0,"(725.226, 729.815]"
741.3,0,"(738.213, 742.46]"
737.42,0,"(733.84, 738.213]"
721.16,0,"(719.884, 725.226]"
738.38,1,"(738.213, 742.46]"
722.58,0,"(719.884, 725.226]"
748.56,0,"(747.821, 763.22]"
738.61,0,"(738.213, 742.46]"
743.04,0,"(742.46, 747.821]"
739.87,0,"(738.213, 742.46]"
719.64,0,"(714.108, 719.884]"
737.46,0,"(733.84, 738.213]"
712.81,0,"(706.339, 714.108]"
740.51,0,"(738.213, 742.46]"
719.53,0,"(714.108, 719.884]"
755.3,0,"(747.821, 763.22]"
746.38,0,"(742.46, 747.821]"
715.77,0,"(714.108, 719.884]"
742.08,0,"(738.213, 742.46]"
732.0,0,"(729.815, 733.84]"
710.58,0,"(706.339, 714.108]"
730.68,1,"(729.815, 733.84]"
738.01,0,"(733.84, 738.213]"
722.38,0,"(719.884, 725.226]"
758.49,0,"(747.821, 763.22]"
729.56,0,"(725.226, 729.815]"
714.85,0,"(714.108, 719.884]"
733.63,0,"(729.815, 733.84]"
732.43,1,"(729.815, 733.84]"
742.95,0,"(742.46, 747.821]"
706.21,1,"(692.399, 706.339]"
745.51,0,"(742.46, 747.821]"
729.08,0,"(725.226, 729.815]"
734.49,0,"(733.84, 738.213]"
726.6,0,"(725.226, 729.815]"
702.38,1,"(692.399, 706.339]"
731.77,0,"(729.815, 733.84]"
710.35,0,"(706.339, 714.108]"
739.38,1,"(738.213, 742.46]"
723.97,0,"(719.884, 725.226]"
737.38,1,"(733.84, 738.213]"
744.13,0,"(742.46, 747.821]"
730.6,1,"(729.815, 733.84]"
722.98,0,"(719.884, 725.226]"
696.95,0,"(692.399, 706.339]"
729.11,0,"(725.226, 729.815]"
723.61,0,"(719.884, 725.226]"
715.51,0,"(714.108, 719.884]"
720.77,1,"(719.884, 725.226]"
701.8,0,"(692.399, 706.339]"
702.88,1,"(692.399, 706.339]"
742.21,0,"(738.213, 742.46]"
704.09,0,"(692.399, 706.339]"
739.43,0,"(738.213, 742.46]"
709.59,0,"(706.339, 714.108]"
701.68,1,"(692.399, 706.339]"
733.34,0,"(729.815, 733.84]"
730.15,0,"(729.815, 733.84]"
748.5,0,"(747.821, 763.22]"
747.08,0,"(742.46, 747.821]"
710.57,0,"(706.339, 714.108]"
746.31,0,"(742.46, 747.821]"
702.81,0,"(692.399, 706.339]"
760.71,0,"(747.821, 763.22]"
736.59,0,"(733.84, 738.213]"
756.59,0,"(747.821, 763.22]"
759.57,0,"(747.821, 763.22]"
708.23,1,"(706.339, 714.108]"
721.21,1,"(719.884, 725.226]"
708.57,0,"(706.339, 714.108]"
756.34,0,"(747.821, 763.22]"
749.62,0,"(747.821, 763.22]"
729.07,0,"(725.226, 729.815]"
713.73,0,"(706.339, 714.108]"
720.67,0,"(719.884, 725.226]"
725.76,0,"(725.226, 729.815]"
734.33,0,"(733.84, 738.213]"
737.29,0,"(733.84, 738.213]"
741.75,0,"(738.213, 742.46]"
742.04,0,"(738.213, 742.46]"
694.87,1,"(692.399, 706.339]"
742.64,0,"(742.46, 747.821]"
741.9,0,"(738.213, 742.46]"
723.56,0,"(719.884, 725.226]"
726.64,0,"(725.226, 729.815]"
738.9,0,"(738.213, 742.46]"
708.98,0,"(706.339, 714.108]"
703.8,0,"(692.399, 706.339]"
757.14,0,"(747.821, 763.22]"
729.12,0,"(725.226, 729.815]"
739.8,0,"(738.213, 742.46]"
741.37,0,"(738.213, 742.46]"
733.07,0,"(729.815, 733.84]"
746.25,0,"(742.46, 747.821]"
737.68,0,"(733.84, 738.213]"
735.74,0,"(733.84, 738.213]"
718.08,1,"(714.108, 719.884]"
729.45,0,"(725.226, 729.815]"
715.18,0,"(714.108, 719.884]"
724.63,0,"(719.884, 725.226]"
732.13,0,"(729.815, 733.84]"
717.96,0,"(714.108, 719.884]"
749.58,0,"(747.821, 763.22]"
727.57,0,"(725.226, 729.815]"
703.47,0,"(692.399, 706.339]"
735.12,0,"(733.84, 738.213]"
699.08,0,"(692.399, 706.339]"
741.15,0,"(738.213, 742.46]"
738.48,0,"(738.213, 742.46]"
716.35,0,"(714.108, 719.884]"
698.67,0,"(692.399, 706.339]"
740.94,0,"(738.213, 742.46]"
710.29,0,"(706.339, 714.108]"
704.08,0,"(692.399, 706.339]"
727.69,0,"(725.226, 729.815]"
742.09,0,"(738.213, 742.46]"
732.05,0,"(729.815, 733.84]"
742.14,0,"(738.213, 742.46]"
741.23,0,"(738.213, 742.46]"
741.45,0,"(738.213, 742.46]"
719.44,0,"(714.108, 719.884]"
747.83,0,"(747.821, 763.22]"
735.87,0,"(733.84, 738.213]"
710.37,1,"(706.339, 714.108]"
737.14,0,"(733.84, 738.213]"
701.15,0,"(692.399, 706.339]"
731.26,0,"(729.815, 733.84]"
713.37,0,"(706.339, 714.108]"
715.53,0,"(714.108, 719.884]"
743.43,0,"(742.46, 747.821]"
746.16,0,"(742.46, 747.821]"
742.55,0,"(742.46, 747.821]"
695.92,0,"(692.399, 706.339]"
732.0,0,"(729.815, 733.84]"
746.75,0,"(742.46, 747.821]"
707.79,0,"(706.339, 714.108]"
725.74,0,"(725.226, 729.815]"
720.8,0,"(719.884, 725.226]"
729.52,0,"(725.226, 729.815]"
713.69,0,"(706.339, 714.108]"
724.87,0,"(719.884, 725.226]"
727.97,0,"(725.226, 729.815]"
746.98,0,"(742.46, 747.821]"
743.45,0,"(742.46, 747.821]"
742.3,1,"(738.213, 742.46]"
757.01,0,"(747.821, 763.22]"
738.73,0,"(738.213, 742.46]"
739.42,0,"(738.213, 742.46]"
738.7,0,"(738.213, 742.46]"
734.91,0,"(733.84, 738.213]"
742.8,0,"(742.46, 747.821]"
713.11,0,"(706.339, 714.108]"
705.56,1,"(692.399, 706.339]"
722.98,1,"(719.884, 725.226]"
730.77,0,"(729.815, 733.84]"
732.28,0,"(729.815, 733.84]"
706.07,0,"(692.399, 706.339]"
721.04,0,"(719.884, 725.226]"
741.71,0,"(738.213, 742.46]"
739.61,0,"(738.213, 742.46]"
718.57,0,"(714.108, 719.884]"
742.9,0,"(742.46, 747.821]"
741.0,0,"(738.213, 742.46]"
696.81,0,"(692.399, 706.339]"
735.28,0,"(733.84, 738.213]"
730.91,0,"(729.815, 733.84]"
732.45,0,"(729.815, 733.84]"
714.38,0,"(714.108, 719.884]"
740.01,0,"(738.213, 742.46]"
716.98,0,"(714.108, 719.884]"
743.13,0,"(742.46, 747.821]"
717.91,0,"(714.108, 719.884]"
725.74,0,"(725.226, 729.815]"
710.35,0,"(706.339, 714.108]"
741.97,0,"(738.213, 742.46]"
733.95,0,"(733.84, 738.213]"
720.16,0,"(719.884, 725.226]"
720.73,0,"(719.884, 725.226]"
703.13,0,"(692.399, 706.339]"
724.82,0,"(719.884, 725.226]"
705.02,0,"(692.399, 706.339]"
734.46,0,"(733.84, 738.213]"
740.19,0,"(738.213, 742.46]"
732.67,0,"(729.815, 733.84]"
731.92,0,"(729.815, 733.84]"
734.5,0,"(733.84, 738.213]"
738.7,0,"(738.213, 742.46]"
716.83,0,"(714.108, 719.884]"
720.63,0,"(719.884, 725.226]"
710.83,0,"(706.339, 714.108]"
731.86,0,"(729.815, 733.84]"
728.48,0,"(725.226, 729.815]"
706.41,0,"(706.339, 714.108]"
725.02,0,"(719.884, 725.226]"
721.46,1,"(719.884, 725.226]"
729.52,0,"(725.226, 729.815]"
734.3,0,"(733.84, 738.213]"
708.08,0,"(706.339, 714.108]"
698.01,0,"(692.399, 706.339]"
739.73,1,"(738.213, 742.46]"
721.93,0,"(719.884, 725.226]"
727.05,0,"(725.226, 729.815]"
727.71,0,"(725.226, 729.815]"
758.61,0,"(747.821, 763.22]"
753.81,0,"(747.821, 763.22]"
736.7,0,"(733.84, 738.213]"
724.22,0,"(719.884, 725.226]"
737.85,0,"(733.84, 738.213]"
708.0,0,"(706.339, 714.108]"
729.68,0,"(725.226, 729.815]"
716.27,0,"(714.108, 719.884]"
733.14,0,"(729.815, 733.84]"
733.33,0,"(729.815, 733.84]"
729.02,0,"(725.226, 729.815]"
757.2,0,"(747.821, 763.22]"
753.37,0,"(747.821, 763.22]"
729.25,0,"(725.226, 729.815]"
713.91,0,"(706.339, 714.108]"
700.87,1,"(692.399, 706.339]"
725.8,0,"(725.226, 729.815]"
713.82,0,"(706.339, 714.108]"
737.37,0,"(733.84, 738.213]"
743.32,0,"(742.46, 747.821]"
740.29,0,"(738.213, 742.46]"
713.07,0,"(706.339, 714.108]"
720.54,0,"(719.884, 725.226]"
748.79,0,"(747.821, 763.22]"
702.9,1,"(692.399, 706.339]"
703.67,0,"(692.399, 706.339]"
730.74,0,"(729.815, 733.84]"
725.2,0,"(719.884, 725.226]"
738.27,0,"(738.213, 742.46]"
735.55,0,"(733.84, 738.213]"
732.64,0,"(729.815, 733.84]"
745.42,0,"(742.46, 747.821]"
709.57,0,"(706.339, 714.108]"
741.61,0,"(738.213, 742.46]"
745.55,0,"(742.46, 747.821]"
697.93,0,"(692.399, 706.339]"
730.65,0,"(729.815, 733.84]"
713.52,0,"(706.339, 714.108]"
742.73,0,"(742.46, 747.821]"
731.19,1,"(729.815, 733.84]"
725.0,0,"(719.884, 725.226]"
746.63,0,"(742.46, 747.821]"
713.74,1,"(706.339, 714.108]"
737.2,0,"(733.84, 738.213]"
717.41,0,"(714.108, 719.884]"
726.71,0,"(725.226, 729.815]"
711.61,0,"(706.339, 714.108]"
710.83,0,"(706.339, 714.108]"
698.01,1,"(692.399, 706.339]"
701.95,0,"(692.399, 706.339]"
741.9,0,"(738.213, 742.46]"
742.74,0,"(742.46, 747.821]"
760.0,0,"(747.821, 763.22]"
708.79,1,"(706.339, 714.108]"
729.14,0,"(725.226, 729.815]"
730.81,0,"(729.815, 733.84]"
743.56,0,"(742.46, 747.821]"
738.21,0,"(733.84, 738.213]"
731.68,0,"(729.815, 733.84]"
733.55,0,"(729.815, 733.84]"
722.58,0,"(719.884, 725.226]"
730.09,0,"(729.815, 733.84]"
709.94,0,"(706.339, 714.108]"
743.06,0,"(742.46, 747.821]"
717.46,0,"(714.108, 719.884]"
757.21,0,"(747.821, 763.22]"
756.28,0,"(747.821, 763.22]"
709.32,0,"(706.339, 714.108]"
721.47,0,"(719.884, 725.226]"
717.47,0,"(714.108, 719.884]"
748.57,0,"(747.821, 763.22]"
726.24,0,"(725.226, 729.815]"
712.29,0,"(706.339, 714.108]"
706.22,0,"(692.399, 706.339]"
744.6,0,"(742.46, 747.821]"
755.08,0,"(747.821, 763.22]"
737.89,0,"(733.84, 738.213]"
699.67,0,"(692.399, 706.339]"
756.99,0,"(747.821, 763.22]"
697.83,0,"(692.399, 706.339]"
725.75,1,"(725.226, 729.815]"
706.4,1,"(706.339, 714.108]"
745.76,0,"(742.46, 747.821]"
735.15,0,"(733.84, 738.213]"
732.17,0,"(729.815, 733.84]"
710.02,0,"(706.339, 714.108]"
744.91,0,"(742.46, 747.821]"
722.64,0,"(719.884, 725.226]"
730.25,0,"(729.815, 733.84]"
736.66,0,"(733.84, 738.213]"
716.13,0,"(714.108, 719.884]"
733.44,0,"(729.815, 733.84]"
721.02,0,"(719.884, 725.226]"
705.53,0,"(692.399, 706.339]"
722.57,0,"(719.884, 725.226]"
745.9,0,"(742.46, 747.821]"
727.5,1,"(725.226, 729.815]"
716.43,1,"(714.108, 719.884]"
742.64,0,"(742.46, 747.821]"
726.2,0,"(725.226, 729.815]"
723.97,0,"(719.884, 725.226]"
700.56,0,"(692.399, 706.339]"
733.49,0,"(729.815, 733.84]"
714.6,0,"(714.108, 719.884]"
743.53,0,"(742.46, 747.821]"
701.2,0,"(692.399, 706.339]"
699.13,0,"(692.399, 706.339]"
746.0,0,"(742.46, 747.821]"
730.06,0,"(729.815, 733.84]"
732.38,0,"(729.815, 733.84]"
725.56,0,"(725.226, 729.815]"
733.41,0,"(729.815, 733.84]"
728.71,0,"(725.226, 729.815]"
726.81,0,"(725.226, 729.815]"
706.19,0,"(692.399, 706.339]"
741.92,0,"(738.213, 742.46]"
716.39,0,"(714.108, 719.884]"
728.66,0,"(725.226, 729.815]"
720.83,0,"(719.884, 725.226]"
756.26,0,"(747.821, 763.22]"
706.27,0,"(692.399, 706.339]"
712.76,0,"(706.339, 714.108]"
736.79,0,"(733.84, 738.213]"
741.02,0,"(738.213, 742.46]"
749.18,0,"(747.821, 763.22]"
733.91,0,"(733.84, 738.213]"
718.84,0,"(714.108, 719.884]"
740.94,0,"(738.213, 742.46]"
698.73,0,"(692.399, 706.339]"
734.36,1,"(733.84, 738.213]"
749.35,0,"(747.821, 763.22]"
738.85,0,"(738.213, 742.46]"
750.31,0,"(747.821, 763.22]"
715.17,0,"(714.108, 719.884]"
732.06,0,"(729.815, 733.84]"
742.62,0,"(742.46, 747.821]"
740.24,0,"(738.213, 742.46]"
715.74,0,"(714.108, 719.884]"
742.74,0,"(742.46, 747.821]"
722.98,0,"(719.884, 725.226]"
747.35,0,"(742.46, 747.821]"
748.68,0,"(747.821, 763.22]"
737.93,0,"(733.84, 738.213]"
735.39,0,"(733.84, 738.213]"
744.69,0,"(742.46, 747.821]"
737.0,0,"(733.84, 738.213]"
738.63,0,"(738.213, 742.46]"
722.12,0,"(719.884, 725.226]"
742.59,0,"(742.46, 747.821]"
720.75,0,"(719.884, 725.226]"
755.56,0,"(747.821, 763.22]"
701.54,1,"(692.399, 706.339]"
717.43,0,"(714.108, 719.884]"
725.2,0,"(719.884, 725.226]"
743.12,0,"(742.46, 747.821]"
725.93,0,"(725.226, 729.815]"
721.64,0,"(719.884, 725.226]"
728.61,1,"(725.226, 729.815]"
714.09,0,"(706.339, 714.108]"
711.62,0,"(706.339, 714.108]"
753.05,0,"(747.821, 763.22]"
730.87,0,"(729.815, 733.84]"
750.74,0,"(747.821, 763.22]"
719.42,0,"(714.108, 719.884]"
721.8,0,"(719.884, 725.226]"
722.02,0,"(719.884, 725.226]"
740.76,0,"(738.213, 742.46]"
733.86,0,"(733.84, 738.213]"
727.25,0,"(725.226, 729.815]"
728.49,0,"(725.226, 729.815]"
744.57,0,"(742.46, 747.821]"
730.56,0,"(729.815, 733.84]"
732.48,0,"(729.815, 733.84]"
717.59,0,"(714.108, 719.884]"
749.95,0,"(747.821, 763.22]"
733.17,0,"(729.815, 733.84]"
744.05,0,"(742.46, 747.821]"
752.9,0,"(747.821, 763.22]"
716.44,0,"(714.108, 719.884]"
721.01,0,"(719.884, 725.226]"
715.36,0,"(714.108, 719.884]"
720.21,0,"(719.884, 725.226]"
744.57,0,"(742.46, 747.821]"
712.16,0,"(706.339, 714.108]"
734.78,0,"(733.84, 738.213]"
743.02,0,"(742.46, 747.821]"
727.02,0,"(725.226, 729.815]"
748.1,0,"(747.821, 763.22]"
705.96,1,"(692.399, 706.339]"
699.94,1,"(692.399, 706.339]"
713.12,0,"(706.339, 714.108]"
706.63,0,"(706.339, 714.108]"
738.51,0,"(738.213, 742.46]"
729.54,0,"(725.226, 729.815]"
729.0,0,"(725.226, 729.815]"
726.82,0,"(725.226, 729.815]"
749.53,0,"(747.821, 763.22]"
708.41,0,"(706.339, 714.108]"
730.77,0,"(729.815, 733.84]"
742.51,0,"(742.46, 747.821]"
748.68,0,"(747.821, 763.22]"
738.65,0,"(738.213, 742.46]"
748.52,0,"(747.821, 763.22]"
722.28,0,"(719.884, 725.226]"
702.62,0,"(692.399, 706.339]"
734.05,0,"(733.84, 738.213]"
730.83,0,"(729.815, 733.84]"
734.14,0,"(733.84, 738.213]"
712.26,0,"(706.339, 714.108]"
724.97,0,"(719.884, 725.226]"
730.17,0,"(729.815, 733.84]"
719.85,0,"(714.108, 719.884]"
749.1,0,"(747.821, 763.22]"
727.91,0,"(725.226, 729.815]"
734.18,0,"(733.84, 738.213]"
714.42,0,"(714.108, 719.884]"
734.53,1,"(733.84, 738.213]"
712.41,1,"(706.339, 714.108]"
738.33,0,"(738.213, 742.46]"
747.2,0,"(742.46, 747.821]"
728.76,0,"(725.226, 729.815]"
707.78,1,"(706.339, 714.108]"
728.97,0,"(725.226, 729.815]"
742.9,0,"(742.46, 747.821]"
733.98,0,"(733.84, 738.213]"
725.0,0,"(719.884, 725.226]"
742.44,0,"(738.213, 742.46]"
698.51,0,"(692.399, 706.339]"
715.77,0,"(714.108, 719.884]"
731.95,0,"(729.815, 733.84]"
745.23,0,"(742.46, 747.821]"
705.27,0,"(692.399, 706.339]"
703.65,0,"(692.399, 706.339]"
736.92,0,"(733.84, 738.213]"
718.12,0,"(714.108, 719.884]"
736.53,0,"(733.84, 738.213]"
706.5,1,"(706.339, 714.108]"
746.11,0,"(742.46, 747.821]"
734.21,0,"(733.84, 738.213]"
749.38,0,"(747.821, 763.22]"
732.46,0,"(729.815, 733.84]"
696.97,1,"(692.399, 706.339]"
727.45,0,"(725.226, 729.815]"
726.71,0,"(725.226, 729.815]"
706.61,0,"(706.339, 714.108]"
709.68,0,"(706.339, 714.108]"
743.71,0,"(742.46, 747.821]"
704.63,0,"(692.399, 706.339]"
738.05,0,"(733.84, 738.213]"
699.95,1,"(692.399, 706.339]"
759.23,0,"(747.821, 763.22]"
745.32,0,"(742.46, 747.821]"
729.37,0,"(725.226, 729.815]"
703.75,1,"(692.399, 706.339]"
744.66,0,"(742.46, 747.821]"
742.17,0,"(738.213, 742.46]"
710.46,0,"(706.339, 714.108]"
717.39,0,"(714.108, 719.884]"
723.36,0,"(719.884, 725.226]"
693.39,0,"(692.399, 706.339]"
720.12,0,"(719.884, 725.226]"
728.77,0,"(725.226, 729.815]"
728.12,0,"(725.226, 729.815]"
719.8,0,"(714.108, 719.884]"
733.76,0,"(729.815, 733.84]"
710.18,0,"(706.339, 714.108]"
735.34,0,"(733.84, 738.213]"
714.7,0,"(714.108, 719.884]"
747.66,0,"(742.46, 747.821]"
760.57,0,"(747.821, 763.22]"
713.15,0,"(706.339, 714.108]"
715.84,0,"(714.108, 719.884]"
702.13,0,"(692.399, 706.339]"
730.65,0,"(729.815, 733.84]"
745.35,0,"(742.46, 747.821]"
727.32,0,"(725.226, 729.815]"
752.19,0,"(747.821, 763.22]"
745.27,0,"(742.46, 747.821]"
722.22,1,"(719.884, 725.226]"
728.92,0,"(725.226, 729.815]"
743.92,0,"(742.46, 747.821]"
741.73,0,"(738.213, 742.46]"
704.26,0,"(692.399, 706.339]"
730.99,0,"(729.815, 733.84]"
706.21,0,"(692.399, 706.339]"
712.69,0,"(706.339, 714.108]"
744.92,0,"(742.46, 747.821]"
711.49,0,"(706.339, 714.108]"
728.55,0,"(725.226, 729.815]"
725.27,0,"(725.226, 729.815]"
716.24,0,"(714.108, 719.884]"
725.17,0,"(719.884, 725.226]"
720.01,0,"(719.884, 725.226]"
705.98,0,"(692.399, 706.339]"
742.63,0,"(742.46, 747.821]"
710.27,0,"(706.339, 714.108]"
729.4,0,"(725.226, 729.815]"
743.0,0,"(742.46, 747.821]"
746.79,0,"(742.46, 747.821]"
704.81,0,"(692.399, 706.339]"
737.17,0,"(733.84, 738.213]"
747.47,0,"(742.46, 747.821]"
755.26,0,"(747.821, 763.22]"
715.67,0,"(714.108, 719.884]"
745.03,0,"(742.46, 747.821]"
747.48,0,"(742.46, 747.821]"
723.04,1,"(719.884, 725.226]"
730.45,0,"(729.815, 733.84]"
705.57,0,"(692.399, 706.339]"
729.82,0,"(729.815, 733.84]"
728.05,0,"(725.226, 729.815]"
743.32,1,"(742.46, 747.821]"
725.72,0,"(725.226, 729.815]"
715.21,0,"(714.108, 719.884]"
717.49,0,"(714.108, 719.884]"
708.85,0,"(706.339, 714.108]"
717.37,0,"(714.108, 719.884]"
747.43,1,"(742.46, 747.821]"
707.27,0,"(706.339, 714.108]"
739.62,0,"(738.213, 742.46]"
735.16,0,"(733.84, 738.213]"
713.83,0,"(706.339, 714.108]"
747.61,0,"(742.46, 747.821]"
727.53,0,"(725.226, 729.815]"
717.92,1,"(714.108, 719.884]"
729.92,0,"(729.815, 733.84]"
732.68,0,"(729.815, 733.84]"
718.23,0,"(714.108, 719.884]"
732.37,0,"(729.815, 733.84]"
741.23,0,"(738.213, 742.46]"
704.11,0,"(692.399, 706.339]"
726.54,0,"(725.226, 729.815]"
724.97,0,"(719.884, 725.226]"
726.56,0,"(725.226, 729.815]"
698.58,1,"(692.399, 706.339]"
719.49,0,"(714.108, 719.884]"
733.84,0,"(729.815, 733.84]"
717.27,0,"(714.108, 719.884]"
721.04,0,"(719.884, 725.226]"
714.59,1,"(714.108, 719.884]"
702.56,0,"(692.399, 706.339]"
714.7,0,"(714.108, 719.884]"
721.94,0,"(719.884, 725.226]"
703.02,1,"(692.399, 706.339]"
713.15,0,"(706.339, 714.108]"
745.22,0,"(742.46, 747.821]"
735.74,1,"(733.84, 738.213]"
721.53,0,"(719.884, 725.226]"
730.56,0,"(729.815, 733.84]"
744.54,0,"(742.46, 747.821]"
732.62,0,"(729.815, 733.84]"
731.3,0,"(729.815, 733.84]"
716.01,0,"(714.108, 719.884]"
732.86,0,"(729.815, 733.84]"
741.38,0,"(738.213, 742.46]"
743.31,0,"(742.46, 747.821]"
740.64,0,"(738.213, 742.46]"
731.57,0,"(729.815, 733.84]"
738.21,0,"(733.84, 738.213]"
750.35,0,"(747.821, 763.22]"
742.87,0,"(742.46, 747.821]"
706.83,0,"(706.339, 714.108]"
731.49,0,"(729.815, 733.84]"
710.97,0,"(706.339, 714.108]"
740.54,0,"(738.213, 742.46]"
728.17,0,"(725.226, 729.815]"
733.92,0,"(733.84, 738.213]"
710.14,0,"(706.339, 714.108]"
712.71,0,"(706.339, 714.108]"
713.35,1,"(706.339, 714.108]"
713.55,0,"(706.339, 714.108]"
749.8,0,"(747.821, 763.22]"
739.51,0,"(738.213, 742.46]"
710.34,0,"(706.339, 714.108]"
723.37,0,"(719.884, 725.226]"
741.38,0,"(738.213, 742.46]"
747.16,0,"(742.46, 747.821]"
751.98,0,"(747.821, 763.22]"
742.13,0,"(738.213, 742.46]"
709.32,0,"(706.339, 714.108]"
722.32,0,"(719.884, 725.226]"
749.26,1,"(747.821, 763.22]"
737.37,0,"(733.84, 738.213]"
702.56,0,"(692.399, 706.339]"
736.82,1,"(733.84, 738.213]"
735.09,0,"(733.84, 738.213]"
746.68,0,"(742.46, 747.821]"
737.46,0,"(733.84, 738.213]"
714.54,0,"(714.108, 719.884]"
711.97,0,"(706.339, 714.108]"
726.05,0,"(725.226, 729.815]"
698.61,1,"(692.399, 706.339]"
708.13,0,"(706.339, 714.108]"
745.58,0,"(742.46, 747.821]"
745.76,0,"(742.46, 747.821]"
747.44,0,"(742.46, 747.821]"
740.62,0,"(738.213, 742.46]"
734.7,0,"(733.84, 738.213]"
705.23,0,"(692.399, 706.339]"
698.26,0,"(692.399, 706.339]"
733.52,0,"(729.815, 733.84]"
697.93,0,"(692.399, 706.339]"
757.73,0,"(747.821, 763.22]"
735.07,0,"(733.84, 738.213]"
730.6,0,"(729.815, 733.84]"
723.33,0,"(719.884, 725.226]"
738.18,0,"(733.84, 738.213]"
743.65,0,"(742.46, 747.821]"
709.46,1,"(706.339, 714.108]"
744.53,0,"(742.46, 747.821]"
744.69,0,"(742.46, 747.821]"
737.04,0,"(733.84, 738.213]"
730.38,0,"(729.815, 733.84]"
737.71,0,"(733.84, 738.213]"
717.84,0,"(714.108, 719.884]"
702.64,0,"(692.399, 706.339]"
705.08,0,"(692.399, 706.339]"
725.56,0,"(725.226, 729.815]"
726.63,0,"(725.226, 729.815]"
733.91,1,"(733.84, 738.213]"
730.64,0,"(729.815, 733.84]"
734.79,0,"(733.84, 738.213]"
731.85,0,"(729.815, 733.84]"
728.02,0,"(725.226, 729.815]"
743.37,0,"(742.46, 747.821]"
738.88,0,"(738.213, 742.46]"
748.8,0,"(747.821, 763.22]"
726.57,0,"(725.226, 729.815]"
750.17,0,"(747.821, 763.22]"
733.95,0,"(733.84, 738.213]"
726.71,0,"(725.226, 729.815]"
726.38,0,"(725.226, 729.815]"
736.41,0,"(733.84, 738.213]"
727.95,0,"(725.226, 729.815]"
733.99,1,"(733.84, 738.213]"
727.9,0,"(725.226, 729.815]"
742.36,0,"(738.213, 742.46]"
719.33,0,"(714.108, 719.884]"
710.8,0,"(706.339, 714.108]"
721.06,0,"(719.884, 725.226]"
741.47,0,"(738.213, 742.46]"
733.7,0,"(729.815, 733.84]"
738.36,0,"(738.213, 742.46]"
755.67,0,"(747.821, 763.22]"
734.53,0,"(733.84, 738.213]"
711.15,0,"(706.339, 714.108]"
726.39,0,"(725.226, 729.815]"
741.03,0,"(738.213, 742.46]"
723.94,0,"(719.884, 725.226]"
738.76,0,"(738.213, 742.46]"
744.41,0,"(742.46, 747.821]"
718.25,0,"(714.108, 719.884]"
717.74,0,"(714.108, 719.884]"
734.65,0,"(733.84, 738.213]"
734.0,0,"(733.84, 738.213]"
747.82,0,"(742.46, 747.821]"
714.47,0,"(714.108, 719.884]"
726.47,0,"(725.226, 729.815]"
707.51,0,"(706.339, 714.108]"
730.21,0,"(729.815, 733.84]"
729.35,0,"(725.226, 729.815]"
721.02,0,"(719.884, 725.226]"
729.79,0,"(725.226, 729.815]"
736.03,0,"(733.84, 738.213]"
753.96,0,"(747.821, 763.22]"
700.92,0,"(692.399, 706.339]"
727.62,0,"(725.226, 729.815]"
715.38,1,"(714.108, 719.884]"
718.95,0,"(714.108, 719.884]"
740.36,0,"(738.213, 742.46]"
742.3,0,"(738.213, 742.46]"
732.9,0,"(729.815, 733.84]"
740.27,0,"(738.213, 742.46]"
732.19,0,"(729.815, 733.84]"
731.79,0,"(729.815, 733.84]"
745.94,0,"(742.46, 747.821]"
745.1,0,"(742.46, 747.821]"
725.27,0,"(725.226, 729.815]"
738.04,0,"(733.84, 738.213]"
743.94,0,"(742.46, 747.821]"
735.35,0,"(733.84, 738.213]"
722.99,0,"(719.884, 725.226]"
720.53,0,"(719.884, 725.226]"
712.01,0,"(706.339, 714.108]"
708.55,1,"(706.339, 714.108]"
738.97,0,"(738.213, 742.46]"
732.56,0,"(729.815, 733.84]"
719.52,0,"(714.108, 719.884]"
721.36,0,"(719.884, 725.226]"
749.67,0,"(747.821, 763.22]"
727.38,0,"(725.226, 729.815]"
743.34,0,"(742.46, 747.821]"
731.61,0,"(729.815, 733.84]"
716.73,0,"(714.108, 719.884]"
730.17,0,"(729.815, 733.84]"
744.65,0,"(742.46, 747.821]"
728.56,0,"(725.226, 729.815]"
719.64,0,"(714.108, 719.884]"
702.81,0,"(692.399, 706.339]"
732.29,0,"(729.815, 733.84]"
725.36,0,"(725.226, 729.815]"
736.29,0,"(733.84, 738.213]"
743.06,0,"(742.46, 747.821]"
740.26,0,"(738.213, 742.46]"
712.33,0,"(706.339, 714.108]"
741.9,0,"(738.213, 742.46]"
750.65,0,"(747.821, 763.22]"
734.33,0,"(733.84, 738.213]"
732.76,1,"(729.815, 733.84]"
721.65,0,"(719.884, 725.226]"
715.0,0,"(714.108, 719.884]"
716.72,0,"(714.108, 719.884]"
719.48,0,"(714.108, 719.884]"
738.61,0,"(738.213, 742.46]"
725.84,0,"(725.226, 729.815]"
720.5,0,"(719.884, 725.226]"
734.27,0,"(733.84, 738.213]"
750.87,0,"(747.821, 763.22]"
736.7,0,"(733.84, 738.213]"
710.25,0,"(706.339, 714.108]"
717.37,0,"(714.108, 719.884]"
712.26,0,"(706.339, 714.108]"
703.41,0,"(692.399, 706.339]"
717.57,0,"(714.108, 719.884]"
739.18,0,"(738.213, 742.46]"
720.29,1,"(719.884, 725.226]"
728.73,0,"(725.226, 729.815]"
712.51,0,"(706.339, 714.108]"
738.48,0,"(738.213, 742.46]"
702.42,0,"(692.399, 706.339]"
754.43,0,"(747.821, 763.22]"
720.39,0,"(719.884, 725.226]"
726.81,0,"(725.226, 729.815]"
722.91,1,"(719.884, 725.226]"
709.45,1,"(706.339, 714.108]"
747.35,0,"(742.46, 747.821]"
738.28,0,"(738.213, 742.46]"
719.54,0,"(714.108, 719.884]"
726.83,0,"(725.226, 729.815]"
715.64,0,"(714.108, 719.884]"
742.3,0,"(738.213, 742.46]"
706.93,0,"(706.339, 714.108]"
744.4,0,"(742.46, 747.821]"
743.45,0,"(742.46, 747.821]"
733.94,0,"(733.84, 738.213]"
738.35,0,"(738.213, 742.46]"
749.41,0,"(747.821, 763.22]"
729.27,0,"(725.226, 729.815]"
708.55,0,"(706.339, 714.108]"
745.73,0,"(742.46, 747.821]"
729.15,0,"(725.226, 729.815]"
747.06,0,"(742.46, 747.821]"
751.91,0,"(747.821, 763.22]"
752.69,0,"(747.821, 763.22]"
722.12,0,"(719.884, 725.226]"
728.71,0,"(725.226, 729.815]"
736.39,0,"(733.84, 738.213]"
711.7,0,"(706.339, 714.108]"
722.63,0,"(719.884, 725.226]"
743.73,0,"(742.46, 747.821]"
743.11,0,"(742.46, 747.821]"
737.08,0,"(733.84, 738.213]"
720.4,0,"(719.884, 725.226]"
737.06,1,"(733.84, 738.213]"
716.01,0,"(714.108, 719.884]"
735.02,0,"(733.84, 738.213]"
746.44,0,"(742.46, 747.821]"
717.08,0,"(714.108, 719.884]"
732.14,0,"(729.815, 733.84]"
754.35,0,"(747.821, 763.22]"
738.55,0,"(738.213, 742.46]"
750.46,0,"(747.821, 763.22]"
753.6,0,"(747.821, 763.22]"
721.65,0,"(719.884, 725.226]"
732.99,0,"(729.815, 733.84]"
722.94,0,"(719.884, 725.226]"
715.44,0,"(714.108, 719.884]"
738.95,0,"(738.213, 742.46]"
734.87,0,"(733.84, 738.213]"
735.55,0,"(733.84, 738.213]"
746.24,0,"(742.46, 747.821]"
754.98,0,"(747.821, 763.22]"
721.34,0,"(719.884, 725.226]"
734.43,0,"(733.84, 738.213]"
723.78,0,"(719.884, 725.226]"
725.09,0,"(719.884, 725.226]"
738.92,0,"(738.213, 742.46]"
734.86,0,"(733.84, 738.213]"
741.19,0,"(738.213, 742.46]"
699.61,0,"(692.399, 706.339]"
715.31,1,"(714.108, 719.884]"
727.95,0,"(725.226, 729.815]"
708.83,0,"(706.339, 714.108]"
723.04,0,"(719.884, 725.226]"
712.21,0,"(706.339, 714.108]"
746.46,0,"(742.46, 747.821]"
711.67,0,"(706.339, 714.108]"
742.01,0,"(738.213, 742.46]"
759.24,0,"(747.821, 763.22]"
737.22,0,"(733.84, 738.213]"
741.8,0,"(738.213, 742.46]"
741.83,0,"(738.213, 742.46]"
751.14,0,"(747.821, 763.22]"
741.71,0,"(738.213, 742.46]"
734.12,0,"(733.84, 738.213]"
747.36,0,"(742.46, 747.821]"
755.15,0,"(747.821, 763.22]"
716.26,0,"(714.108, 719.884]"
755.07,0,"(747.821, 763.22]"
753.59,0,"(747.821, 763.22]"
730.2,0,"(729.815, 733.84]"
716.32,0,"(714.108, 719.884]"
713.33,1,"(706.339, 714.108]"
749.28,0,"(747.821, 763.22]"
695.22,1,"(692.399, 706.339]"
744.5,0,"(742.46, 747.821]"
749.36,0,"(747.821, 763.22]"
711.6,0,"(706.339, 714.108]"
697.94,0,"(692.399, 706.339]"
748.9,0,"(747.821, 763.22]"
709.22,0,"(706.339, 714.108]"
723.48,0,"(719.884, 725.226]"
739.91,0,"(738.213, 742.46]"
732.41,0,"(729.815, 733.84]"
722.84,0,"(719.884, 725.226]"
707.41,0,"(706.339, 714.108]"
714.58,0,"(714.108, 719.884]"
722.49,0,"(719.884, 725.226]"
705.1,0,"(692.399, 706.339]"
700.47,0,"(692.399, 706.339]"
715.44,0,"(714.108, 719.884]"
724.3,0,"(719.884, 725.226]"
736.74,0,"(733.84, 738.213]"
722.07,0,"(719.884, 725.226]"
709.87,0,"(706.339, 714.108]"
737.99,1,"(733.84, 738.213]"
747.62,0,"(742.46, 747.821]"
736.08,1,"(733.84, 738.213]"
729.79,0,"(725.226, 729.815]"
720.66,0,"(719.884, 725.226]"
716.88,0,"(714.108, 719.884]"
726.58,1,"(725.226, 729.815]"
732.81,0,"(729.815, 733.84]"
747.83,0,"(747.821, 763.22]"
729.31,0,"(725.226, 729.815]"
721.08,0,"(719.884, 725.226]"
706.55,0,"(706.339, 714.108]"
698.83,0,"(692.399, 706.339]"
729.69,0,"(725.226, 729.815]"
701.45,0,"(692.399, 706.339]"
705.03,0,"(692.399, 706.339]"
700.08,0,"(692.399, 706.339]"
702.13,0,"(692.399, 706.339]"
731.3,0,"(729.815, 733.84]"
732.27,0,"(729.815, 733.84]"
713.09,0,"(706.339, 714.108]"
698.4,0,"(692.399, 706.339]"
728.96,0,"(725.226, 729.815]"
718.38,0,"(714.108, 719.884]"
722.34,0,"(719.884, 725.226]"
752.57,0,"(747.821, 763.22]"
738.96,0,"(738.213, 742.46]"
744.69,0,"(742.46, 747.821]"
727.16,0,"(725.226, 729.815]"
723.32,0,"(719.884, 725.226]"
718.92,0,"(714.108, 719.884]"
735.91,0,"(733.84, 738.213]"
711.21,0,"(706.339, 714.108]"
731.13,0,"(729.815, 733.84]"
762.2,0,"(747.821, 763.22]"
724.68,0,"(719.884, 725.226]"
741.33,0,"(738.213, 742.46]"
712.38,0,"(706.339, 714.108]"
718.81,0,"(714.108, 719.884]"
747.63,0,"(742.46, 747.821]"
738.63,0,"(738.213, 742.46]"
711.54,1,"(706.339, 714.108]"
743.51,0,"(742.46, 747.821]"
734.64,0,"(733.84, 738.213]"
743.64,0,"(742.46, 747.821]"
721.14,1,"(719.884, 725.226]"
739.3,0,"(738.213, 742.46]"
703.73,0,"(692.399, 706.339]"
705.54,0,"(692.399, 706.339]"
736.35,0,"(733.84, 738.213]"
757.52,0,"(747.821, 763.22]"
733.3,0,"(729.815, 733.84]"
709.58,1,"(706.339, 714.108]"
735.77,0,"(733.84, 738.213]"
744.0,0,"(742.46, 747.821]"
742.89,0,"(742.46, 747.821]"
699.0,1,"(692.399, 706.339]"
698.93,0,"(692.399, 706.339]"
702.45,0,"(692.399, 706.339]"
711.13,0,"(706.339, 714.108]"
716.1,0,"(714.108, 719.884]"
721.76,1,"(719.884, 725.226]"
727.08,0,"(725.226, 729.815]"
718.3,0,"(714.108, 719.884]"
739.83,0,"(738.213, 742.46]"
736.41,0,"(733.84, 738.213]"
727.52,0,"(725.226, 729.815]"
741.03,0,"(738.213, 742.46]"
699.27,0,"(692.399, 706.339]"
726.23,0,"(725.226, 729.815]"
745.0,0,"(742.46, 747.821]"
723.61,0,"(719.884, 725.226]"
757.36,0,"(747.821, 763.22]"
739.17,0,"(738.213, 742.46]"
734.35,0,"(733.84, 738.213]"
697.81,0,"(692.399, 706.339]"
706.0,0,"(692.399, 706.339]"
713.51,1,"(706.339, 714.108]"
697.34,0,"(692.399, 706.339]"
735.07,0,"(733.84, 738.213]"
726.05,0,"(725.226, 729.815]"
730.21,0,"(729.815, 733.84]"
722.8,0,"(719.884, 725.226]"
717.21,0,"(714.108, 719.884]"
733.76,0,"(729.815, 733.84]"
716.02,0,"(714.108, 719.884]"
744.41,0,"(742.46, 747.821]"
744.44,0,"(742.46, 747.821]"
737.08,0,"(733.84, 738.213]"
744.3,0,"(742.46, 747.821]"
720.38,0,"(719.884, 725.226]"
737.56,0,"(733.84, 738.213]"
729.84,0,"(729.815, 733.84]"
714.29,0,"(714.108, 719.884]"
734.59,0,"(733.84, 738.213]"
747.82,0,"(742.46, 747.821]"
751.41,0,"(747.821, 763.22]"
710.0,0,"(706.339, 714.108]"
722.18,0,"(719.884, 725.226]"
744.48,0,"(742.46, 747.821]"
710.57,0,"(706.339, 714.108]"
727.13,0,"(725.226, 729.815]"
727.8,0,"(725.226, 729.815]"
717.11,0,"(714.108, 719.884]"
733.77,0,"(729.815, 733.84]"
716.05,0,"(714.108, 719.884]"
742.98,0,"(742.46, 747.821]"
706.5,0,"(706.339, 714.108]"
699.37,1,"(692.399, 706.339]"
746.68,0,"(742.46, 747.821]"
739.0,0,"(738.213, 742.46]"
713.27,0,"(706.339, 714.108]"
733.22,0,"(729.815, 733.84]"
746.15,0,"(742.46, 747.821]"
731.23,0,"(729.815, 733.84]"
704.19,0,"(692.399, 706.339]"
703.61,0,"(692.399, 706.339]"
701.98,0,"(692.399, 706.339]"
713.5,0,"(706.339, 714.108]"
744.0,0,"(742.46, 747.821]"
733.27,0,"(729.815, 733.84]"
713.16,0,"(706.339, 714.108]"
718.92,0,"(714.108, 719.884]"
698.96,0,"(692.399, 706.339]"
717.2,0,"(714.108, 719.884]"
745.01,0,"(742.46, 747.821]"
722.95,0,"(719.884, 725.226]"
731.12,0,"(729.815, 733.84]"
756.17,0,"(747.821, 763.22]"
712.02,0,"(706.339, 714.108]"
736.15,0,"(733.84, 738.213]"
709.19,1,"(706.339, 714.108]"
741.25,0,"(738.213, 742.46]"
727.06,0,"(725.226, 729.815]"
725.19,0,"(719.884, 725.226]"
747.0,0,"(742.46, 747.821]"
732.72,0,"(729.815, 733.84]"
753.39,0,"(747.821, 763.22]"
733.94,0,"(733.84, 738.213]"
732.17,0,"(729.815, 733.84]"
730.53,0,"(729.815, 733.84]"
723.72,0,"(719.884, 725.226]"
722.6,0,"(719.884, 725.226]"
735.74,0,"(733.84, 738.213]"
731.48,0,"(729.815, 733.84]"
757.44,0,"(747.821, 763.22]"
716.81,0,"(714.108, 719.884]"
754.81,0,"(747.821, 763.22]"
743.11,0,"(742.46, 747.821]"
741.36,0,"(738.213, 742.46]"
702.41,0,"(692.399, 706.339]"
704.55,0,"(692.399, 706.339]"
746.15,1,"(742.46, 747.821]"
746.06,0,"(742.46, 747.821]"
751.61,0,"(747.821, 763.22]"
724.48,0,"(719.884, 725.226]"
716.78,0,"(714.108, 719.884]"
711.09,0,"(706.339, 714.108]"
742.14,0,"(738.213, 742.46]"
743.82,0,"(742.46, 747.821]"
726.49,0,"(725.226, 729.815]"
731.19,1,"(729.815, 733.84]"
718.44,0,"(714.108, 719.884]"
722.46,0,"(719.884, 725.226]"
750.68,0,"(747.821, 763.22]"
739.61,0,"(738.213, 742.46]"
701.57,0,"(692.399, 706.339]"
753.68,0,"(747.821, 763.22]"
713.43,0,"(706.339, 714.108]"
705.76,0,"(692.399, 706.339]"
752.68,0,"(747.821, 763.22]"
700.47,0,"(692.399, 706.339]"
728.51,0,"(725.226, 729.815]"
719.03,0,"(714.108, 719.884]"
754.93,0,"(747.821, 763.22]"
734.22,0,"(733.84, 738.213]"
734.06,0,"(733.84, 738.213]"
735.24,0,"(733.84, 738.213]"
732.44,0,"(729.815, 733.84]"
713.0,0,"(706.339, 714.108]"
734.13,0,"(733.84, 738.213]"
725.03,0,"(719.884, 725.226]"
748.88,0,"(747.821, 763.22]"
710.8,1,"(706.339, 714.108]"
744.44,0,"(742.46, 747.821]"
714.15,0,"(714.108, 719.884]"
732.93,0,"(729.815, 733.84]"
723.72,0,"(719.884, 725.226]"
729.9,0,"(729.815, 733.84]"
742.06,0,"(738.213, 742.46]"
736.03,0,"(733.84, 738.213]"
713.05,0,"(706.339, 714.108]"
734.96,0,"(733.84, 738.213]"
715.81,0,"(714.108, 719.884]"
733.05,0,"(729.815, 733.84]"
754.55,0,"(747.821, 763.22]"
737.74,0,"(733.84, 738.213]"
714.31,0,"(714.108, 719.884]"
725.22,0,"(719.884, 725.226]"
725.86,0,"(725.226, 729.815]"
734.13,0,"(733.84, 738.213]"
705.41,0,"(692.399, 706.339]"
756.7,0,"(747.821, 763.22]"
726.99,0,"(725.226, 729.815]"
730.14,0,"(729.815, 733.84]"
721.06,0,"(719.884, 725.226]"
747.43,0,"(742.46, 747.821]"
739.5,0,"(738.213, 742.46]"
712.27,0,"(706.339, 714.108]"
716.89,0,"(714.108, 719.884]"
739.65,0,"(738.213, 742.46]"
711.43,0,"(706.339, 714.108]"
731.09,0,"(729.815, 733.84]"
716.72,0,"(714.108, 719.884]"
708.57,0,"(706.339, 714.108]"
739.87,0,"(738.213, 742.46]"
712.07,0,"(706.339, 714.108]"
748.73,0,"(747.821, 763.22]"
732.81,0,"(729.815, 733.84]"
701.17,0,"(692.399, 706.339]"
714.76,0,"(714.108, 719.884]"
709.48,0,"(706.339, 714.108]"
701.58,0,"(692.399, 706.339]"
711.69,1,"(706.339, 714.108]"
742.46,0,"(738.213, 742.46]"
733.6,0,"(729.815, 733.84]"
746.99,0,"(742.46, 747.821]"
741.78,0,"(738.213, 742.46]"
731.17,0,"(729.815, 733.84]"
730.98,0,"(729.815, 733.84]"
730.15,0,"(729.815, 733.84]"
743.57,0,"(742.46, 747.821]"
737.23,0,"(733.84, 738.213]"
718.6,0,"(714.108, 719.884]"
756.59,0,"(747.821, 763.22]"
745.47,0,"(742.46, 747.821]"
736.65,0,"(733.84, 738.213]"
745.67,0,"(742.46, 747.821]"
737.62,0,"(733.84, 738.213]"
733.88,0,"(733.84, 738.213]"
748.87,0,"(747.821, 763.22]"
702.47,0,"(692.399, 706.339]"
716.76,0,"(714.108, 719.884]"
718.65,1,"(714.108, 719.884]"
738.09,0,"(733.84, 738.213]"
740.12,0,"(738.213, 742.46]"
733.5,0,"(729.815, 733.84]"
715.27,0,"(714.108, 719.884]"
755.61,0,"(747.821, 763.22]"
713.82,0,"(706.339, 714.108]"
729.42,0,"(725.226, 729.815]"
712.41,0,"(706.339, 714.108]"
739.69,0,"(738.213, 742.46]"
737.26,0,"(733.84, 738.213]"
752.99,0,"(747.821, 763.22]"
717.93,0,"(714.108, 719.884]"
742.03,0,"(738.213, 742.46]"
708.19,0,"(706.339, 714.108]"
704.64,0,"(692.399, 706.339]"
739.47,0,"(738.213, 742.46]"
696.68,1,"(692.399, 706.339]"
736.41,0,"(733.84, 738.213]"
736.4,0,"(733.84, 738.213]"
719.63,0,"(714.108, 719.884]"
700.15,0,"(692.399, 706.339]"
724.97,0,"(719.884, 725.226]"
718.95,0,"(714.108, 719.884]"
708.66,0,"(706.339, 714.108]"
721.66,0,"(719.884, 725.226]"
735.49,0,"(733.84, 738.213]"
705.07,0,"(692.399, 706.339]"
747.11,0,"(742.46, 747.821]"
736.81,0,"(733.84, 738.213]"
725.42,0,"(725.226, 729.815]"
713.89,0,"(706.339, 714.108]"
744.02,0,"(742.46, 747.821]"
714.47,0,"(714.108, 719.884]"
708.3,1,"(706.339, 714.108]"
724.48,0,"(719.884, 725.226]"
732.04,0,"(729.815, 733.84]"
742.44,0,"(738.213, 742.46]"
722.77,0,"(719.884, 725.226]"
702.43,0,"(692.399, 706.339]"
738.75,0,"(738.213, 742.46]"
727.73,0,"(725.226, 729.815]"
724.86,0,"(719.884, 725.226]"
741.11,0,"(738.213, 742.46]"
744.86,0,"(742.46, 747.821]"
742.16,0,"(738.213, 742.46]"
724.46,0,"(719.884, 725.226]"
735.77,0,"(733.84, 738.213]"
741.21,0,"(738.213, 742.46]"
755.79,0,"(747.821, 763.22]"
711.76,0,"(706.339, 714.108]"
741.04,0,"(738.213, 742.46]"
721.97,0,"(719.884, 725.226]"
726.19,1,"(725.226, 729.815]"
699.61,0,"(692.399, 706.339]"
717.25,0,"(714.108, 719.884]"
749.1,0,"(747.821, 763.22]"
717.77,0,"(714.108, 719.884]"
739.44,0,"(738.213, 742.46]"
747.98,0,"(747.821, 763.22]"
737.5,0,"(733.84, 738.213]"
715.22,0,"(714.108, 719.884]"
737.25,0,"(733.84, 738.213]"
710.75,1,"(706.339, 714.108]"
744.34,0,"(742.46, 747.821]"
701.81,0,"(692.399, 706.339]"
727.39,0,"(725.226, 729.815]"
708.27,0,"(706.339, 714.108]"
718.71,0,"(714.108, 719.884]"
735.82,0,"(733.84, 738.213]"
726.88,0,"(725.226, 729.815]"
700.23,1,"(692.399, 706.339]"
696.91,0,"(692.399, 706.339]"
729.44,0,"(725.226, 729.815]"
703.92,0,"(692.399, 706.339]"
733.88,0,"(733.84, 738.213]"
744.44,0,"(742.46, 747.821]"
724.86,0,"(719.884, 725.226]"
731.17,0,"(729.815, 733.84]"
713.91,0,"(706.339, 714.108]"
718.33,0,"(714.108, 719.884]"
713.4,0,"(706.339, 714.108]"
706.23,1,"(692.399, 706.339]"
746.47,0,"(742.46, 747.821]"
747.15,0,"(742.46, 747.821]"
736.02,0,"(733.84, 738.213]"
728.66,0,"(725.226, 729.815]"
706.79,0,"(706.339, 714.108]"
727.84,0,"(725.226, 729.815]"
742.54,0,"(742.46, 747.821]"
733.5,0,"(729.815, 733.84]"
709.0,0,"(706.339, 714.108]"
729.79,0,"(725.226, 729.815]"
741.24,0,"(738.213, 742.46]"
754.0,0,"(747.821, 763.22]"
738.52,0,"(738.213, 742.46]"
727.24,0,"(725.226, 729.815]"
732.14,0,"(729.815, 733.84]"
728.11,0,"(725.226, 729.815]"
738.75,0,"(738.213, 742.46]"
712.0,0,"(706.339, 714.108]"
708.02,0,"(706.339, 714.108]"
739.08,0,"(738.213, 742.46]"
714.41,1,"(714.108, 719.884]"
717.64,0,"(714.108, 719.884]"
711.91,0,"(706.339, 714.108]"
740.24,1,"(738.213, 742.46]"
701.41,0,"(692.399, 706.339]"
719.03,0,"(714.108, 719.884]"
753.28,0,"(747.821, 763.22]"
734.98,0,"(733.84, 738.213]"
709.13,1,"(706.339, 714.108]"
758.7,0,"(747.821, 763.22]"
715.29,0,"(714.108, 719.884]"
741.66,0,"(738.213, 742.46]"
719.0,0,"(714.108, 719.884]"
710.07,1,"(706.339, 714.108]"
708.77,0,"(706.339, 714.108]"
750.32,1,"(747.821, 763.22]"
702.28,0,"(692.399, 706.339]"
719.99,1,"(719.884, 725.226]"
698.77,0,"(692.399, 706.339]"
717.5,0,"(714.108, 719.884]"
726.75,0,"(725.226, 729.815]"
713.28,0,"(706.339, 714.108]"
743.43,0,"(742.46, 747.821]"
719.38,0,"(714.108, 719.884]"
735.76,0,"(733.84, 738.213]"
746.99,0,"(742.46, 747.821]"
743.04,0,"(742.46, 747.821]"
711.76,0,"(706.339, 714.108]"
753.85,0,"(747.821, 763.22]"
747.96,0,"(747.821, 763.22]"
745.83,0,"(742.46, 747.821]"
715.84,0,"(714.108, 719.884]"
738.21,0,"(733.84, 738.213]"
747.01,0,"(742.46, 747.821]"
736.36,0,"(733.84, 738.213]"
734.21,0,"(733.84, 738.213]"
755.86,0,"(747.821, 763.22]"
732.67,1,"(729.815, 733.84]"
711.22,0,"(706.339, 714.108]"
698.84,1,"(692.399, 706.339]"
712.44,0,"(706.339, 714.108]"
713.59,0,"(706.339, 714.108]"
755.88,0,"(747.821, 763.22]"
703.33,1,"(692.399, 706.339]"
710.84,0,"(706.339, 714.108]"
743.33,0,"(742.46, 747.821]"
719.96,0,"(719.884, 725.226]"
741.29,0,"(738.213, 742.46]"
706.91,0,"(706.339, 714.108]"
724.52,0,"(719.884, 725.226]"
732.66,0,"(729.815, 733.84]"
727.73,0,"(725.226, 729.815]"
718.73,0,"(714.108, 719.884]"
745.12,0,"(742.46, 747.821]"
719.51,0,"(714.108, 719.884]"
738.8,0,"(738.213, 742.46]"
698.46,0,"(692.399, 706.339]"
717.43,0,"(714.108, 719.884]"
726.68,0,"(725.226, 729.815]"
735.2,0,"(733.84, 738.213]"
708.01,0,"(706.339, 714.108]"
737.17,0,"(733.84, 738.213]"
728.6,0,"(725.226, 729.815]"
754.23,0,"(747.821, 763.22]"
751.03,0,"(747.821, 763.22]"
751.6,0,"(747.821, 763.22]"
742.35,0,"(738.213, 742.46]"
739.63,0,"(738.213, 742.46]"
731.43,0,"(729.815, 733.84]"
702.99,0,"(692.399, 706.339]"
731.53,0,"(729.815, 733.84]"
728.39,0,"(725.226, 729.815]"
749.54,0,"(747.821, 763.22]"
718.23,0,"(714.108, 719.884]"
703.4,0,"(692.399, 706.339]"
740.45,0,"(738.213, 742.46]"
739.87,0,"(738.213, 742.46]"
755.25,0,"(747.821, 763.22]"
730.73,0,"(729.815, 733.84]"
716.26,0,"(714.108, 719.884]"
737.42,0,"(733.84, 738.213]"
700.59,1,"(692.399, 706.339]"
724.28,0,"(719.884, 725.226]"
716.63,0,"(714.108, 719.884]"
736.76,0,"(733.84, 738.213]"
746.36,0,"(742.46, 747.821]"
736.38,0,"(733.84, 738.213]"
712.48,0,"(706.339, 714.108]"
744.86,0,"(742.46, 747.821]"
729.96,0,"(729.815, 733.84]"
722.92,0,"(719.884, 725.226]"
731.9,1,"(729.815, 733.84]"
741.89,0,"(738.213, 742.46]"
749.13,0,"(747.821, 763.22]"
732.33,0,"(729.815, 733.84]"
727.09,0,"(725.226, 729.815]"
729.69,0,"(725.226, 729.815]"
709.55,0,"(706.339, 714.108]"
724.1,0,"(719.884, 725.226]"
718.09,0,"(714.108, 719.884]"
737.21,0,"(733.84, 738.213]"
736.4,0,"(733.84, 738.213]"
752.31,0,"(747.821, 763.22]"
728.47,0,"(725.226, 729.815]"
739.76,0,"(738.213, 742.46]"
739.7,0,"(738.213, 742.46]"
743.81,0,"(742.46, 747.821]"
753.99,0,"(747.821, 763.22]"
726.23,0,"(725.226, 729.815]"
726.31,0,"(725.226, 729.815]"
744.03,0,"(742.46, 747.821]"
734.52,0,"(733.84, 738.213]"
720.74,0,"(719.884, 725.226]"
703.53,0,"(692.399, 706.339]"
712.59,0,"(706.339, 714.108]"
717.43,0,"(714.108, 719.884]"
728.57,0,"(725.226, 729.815]"
746.85,0,"(742.46, 747.821]"
750.01,0,"(747.821, 763.22]"
718.71,0,"(714.108, 719.884]"
735.28,0,"(733.84, 738.213]"
703.9,0,"(692.399, 706.339]"
735.53,0,"(733.84, 738.213]"
746.96,0,"(742.46, 747.821]"
743.75,0,"(742.46, 747.821]"
737.32,0,"(733.84, 738.213]"
700.16,0,"(692.399, 706.339]"
744.27,0,"(742.46, 747.821]"
696.31,0,"(692.399, 706.339]"
715.67,0,"(714.108, 719.884]"
728.0,0,"(725.226, 729.815]"
736.59,1,"(733.84, 738.213]"
698.16,1,"(692.399, 706.339]"
739.79,0,"(738.213, 742.46]"
732.7,0,"(729.815, 733.84]"
708.42,0,"(706.339, 714.108]"
728.2,0,"(725.226, 729.815]"
746.46,0,"(742.46, 747.821]"
729.48,0,"(725.226, 729.815]"
729.4,0,"(725.226, 729.815]"
718.64,0,"(714.108, 719.884]"
750.69,0,"(747.821, 763.22]"
700.74,0,"(692.399, 706.339]"
702.43,0,"(692.399, 706.339]"
747.52,0,"(742.46, 747.821]"
709.73,0,"(706.339, 714.108]"
725.21,0,"(719.884, 725.226]"
713.72,0,"(706.339, 714.108]"
711.87,0,"(706.339, 714.108]"
729.09,0,"(725.226, 729.815]"
715.64,0,"(714.108, 719.884]"
750.3,0,"(747.821, 763.22]"
718.29,0,"(714.108, 719.884]"
747.51,0,"(742.46, 747.821]"
711.04,0,"(706.339, 714.108]"
738.68,0,"(738.213, 742.46]"
717.51,0,"(714.108, 719.884]"
723.3,0,"(719.884, 725.226]"
745.3,0,"(742.46, 747.821]"
719.81,0,"(714.108, 719.884]"
731.67,0,"(729.815, 733.84]"
731.25,0,"(729.815, 733.84]"
728.8,1,"(725.226, 729.815]"
734.8,0,"(733.84, 738.213]"
735.73,0,"(733.84, 738.213]"
699.64,1,"(692.399, 706.339]"
736.65,0,"(733.84, 738.213]"
694.24,1,"(692.399, 706.339]"
746.23,0,"(742.46, 747.821]"
735.39,0,"(733.84, 738.213]"
715.59,0,"(714.108, 719.884]"
742.37,0,"(738.213, 742.46]"
713.88,0,"(706.339, 714.108]"
720.79,0,"(719.884, 725.226]"
724.79,0,"(719.884, 725.226]"
704.24,1,"(692.399, 706.339]"
724.15,0,"(719.884, 725.226]"
731.13,0,"(729.815, 733.84]"
724.68,0,"(719.884, 725.226]"
726.0,0,"(725.226, 729.815]"
711.15,1,"(706.339, 714.108]"
713.13,0,"(706.339, 714.108]"
734.33,0,"(733.84, 738.213]"
743.09,0,"(742.46, 747.821]"
700.48,0,"(692.399, 706.339]"
704.74,1,"(692.399, 706.339]"
722.29,0,"(719.884, 725.226]"
719.83,0,"(714.108, 719.884]"
741.51,0,"(738.213, 742.46]"
712.95,0,"(706.339, 714.108]"
722.46,0,"(719.884, 725.226]"
717.77,0,"(714.108, 719.884]"
729.87,0,"(729.815, 733.84]"
761.49,0,"(747.821, 763.22]"
747.57,0,"(742.46, 747.821]"
734.5,0,"(733.84, 738.213]"
732.77,0,"(729.815, 733.84]"
731.76,0,"(729.815, 733.84]"
720.27,0,"(719.884, 725.226]"
719.52,0,"(714.108, 719.884]"
715.36,0,"(714.108, 719.884]"
737.87,0,"(733.84, 738.213]"
743.88,0,"(742.46, 747.821]"
716.18,0,"(714.108, 719.884]"
724.47,0,"(719.884, 725.226]"
700.41,1,"(692.399, 706.339]"
721.26,1,"(719.884, 725.226]"
715.06,0,"(714.108, 719.884]"
750.94,0,"(747.821, 763.22]"
722.83,0,"(719.884, 725.226]"
738.94,0,"(738.213, 742.46]"
731.52,0,"(729.815, 733.84]"
732.59,0,"(729.815, 733.84]"
745.82,0,"(742.46, 747.821]"
709.5,0,"(706.339, 714.108]"
709.45,0,"(706.339, 714.108]"
733.05,0,"(729.815, 733.84]"
744.95,0,"(742.46, 747.821]"
726.62,0,"(725.226, 729.815]"
758.81,0,"(747.821, 763.22]"
704.01,0,"(692.399, 706.339]"
708.33,0,"(706.339, 714.108]"
737.92,0,"(733.84, 738.213]"
733.2,0,"(729.815, 733.84]"
705.92,1,"(692.399, 706.339]"
707.66,0,"(706.339, 714.108]"
716.03,0,"(714.108, 719.884]"
725.3,0,"(725.226, 729.815]"
746.22,0,"(742.46, 747.821]"
709.01,1,"(706.339, 714.108]"
741.59,0,"(738.213, 742.46]"
702.75,0,"(692.399, 706.339]"
712.5,0,"(706.339, 714.108]"
735.93,0,"(733.84, 738.213]"
721.97,0,"(719.884, 725.226]"
704.15,0,"(692.399, 706.339]"
719.91,0,"(719.884, 725.226]"
708.87,1,"(706.339, 714.108]"
699.01,0,"(692.399, 706.339]"
738.22,0,"(738.213, 742.46]"
742.3,1,"(738.213, 742.46]"
720.41,0,"(719.884, 725.226]"
739.67,0,"(738.213, 742.46]"
708.98,0,"(706.339, 714.108]"
705.49,0,"(692.399, 706.339]"
740.92,0,"(738.213, 742.46]"
732.12,0,"(729.815, 733.84]"
701.68,1,"(692.399, 706.339]"
718.3,1,"(714.108, 719.884]"
734.77,0,"(733.84, 738.213]"
739.61,0,"(738.213, 742.46]"
737.99,0,"(733.84, 738.213]"
736.7,0,"(733.84, 738.213]"
752.51,0,"(747.821, 763.22]"
741.8,0,"(738.213, 742.46]"
734.24,0,"(733.84, 738.213]"
753.38,1,"(747.821, 763.22]"
703.15,1,"(692.399, 706.339]"
716.24,0,"(714.108, 719.884]"
731.16,0,"(729.815, 733.84]"
729.02,0,"(725.226, 729.815]"
719.95,0,"(719.884, 725.226]"
716.83,0,"(714.108, 719.884]"
729.25,0,"(725.226, 729.815]"
720.13,0,"(719.884, 725.226]"
740.99,0,"(738.213, 742.46]"
732.9,0,"(729.815, 733.84]"
741.36,0,"(738.213, 742.46]"
725.41,0,"(725.226, 729.815]"
728.35,0,"(725.226, 729.815]"
726.86,0,"(725.226, 729.815]"
732.82,0,"(729.815, 733.84]"
722.92,0,"(719.884, 725.226]"
714.13,0,"(714.108, 719.884]"
745.88,0,"(742.46, 747.821]"
717.08,0,"(714.108, 719.884]"
760.39,1,"(747.821, 763.22]"
725.19,0,"(719.884, 725.226]"
731.65,0,"(729.815, 733.84]"
729.81,0,"(725.226, 729.815]"
728.12,0,"(725.226, 729.815]"
734.16,0,"(733.84, 738.213]"
734.96,0,"(733.84, 738.213]"
742.89,0,"(742.46, 747.821]"
733.95,0,"(733.84, 738.213]"
720.91,1,"(719.884, 725.226]"
755.77,0,"(747.821, 763.22]"
733.92,0,"(733.84, 738.213]"
741.26,0,"(738.213, 742.46]"
703.21,0,"(692.399, 706.339]"
734.13,0,"(733.84, 738.213]"
739.69,0,"(738.213, 742.46]"
738.43,0,"(738.213, 742.46]"
724.02,0,"(719.884, 725.226]"
736.8,0,"(733.84, 738.213]"
728.75,0,"(725.226, 729.815]"
744.34,0,"(742.46, 747.821]"
749.33,0,"(747.821, 763.22]"
741.28,0,"(738.213, 742.46]"
724.57,0,"(719.884, 725.226]"
722.13,0,"(719.884, 725.226]"
751.95,0,"(747.821, 763.22]"
728.9,0,"(725.226, 729.815]"
729.66,0,"(725.226, 729.815]"
711.13,0,"(706.339, 714.108]"
717.15,0,"(714.108, 719.884]"
729.13,0,"(725.226, 729.815]"
741.36,0,"(738.213, 742.46]"
738.88,0,"(738.213, 742.46]"
738.33,0,"(738.213, 742.46]"
698.94,0,"(692.399, 706.339]"
745.12,0,"(742.46, 747.821]"
722.55,0,"(719.884, 725.226]"
720.33,0,"(719.884, 725.226]"
742.81,0,"(742.46, 747.821]"
744.09,0,"(742.46, 747.821]"
723.6,0,"(719.884, 725.226]"
727.24,0,"(725.226, 729.815]"
702.64,1,"(692.399, 706.339]"
730.45,1,"(729.815, 733.84]"
747.59,0,"(742.46, 747.821]"
743.93,0,"(742.46, 747.821]"
715.81,1,"(714.108, 719.884]"
730.01,0,"(729.815, 733.84]"
738.94,0,"(738.213, 742.46]"
746.1,0,"(742.46, 747.821]"
731.17,0,"(729.815, 733.84]"
718.87,0,"(714.108, 719.884]"
727.34,0,"(725.226, 729.815]"
735.76,0,"(733.84, 738.213]"
748.91,0,"(747.821, 763.22]"
753.03,0,"(747.821, 763.22]"
736.26,0,"(733.84, 738.213]"
752.66,0,"(747.821, 763.22]"
723.61,0,"(719.884, 725.226]"
749.18,0,"(747.821, 763.22]"
749.33,0,"(747.821, 763.22]"
719.72,0,"(714.108, 719.884]"
718.31,0,"(714.108, 719.884]"
702.07,1,"(692.399, 706.339]"
732.76,0,"(729.815, 733.84]"
741.24,0,"(738.213, 742.46]"
727.79,0,"(725.226, 729.815]"
729.43,0,"(725.226, 729.815]"
750.97,0,"(747.821, 763.22]"
742.35,0,"(738.213, 742.46]"
722.57,0,"(719.884, 725.226]"
712.87,0,"(706.339, 714.108]"
722.31,0,"(719.884, 725.226]"
723.2,0,"(719.884, 725.226]"
725.61,0,"(725.226, 729.815]"
724.35,0,"(719.884, 725.226]"
725.2,1,"(719.884, 725.226]"
737.56,0,"(733.84, 738.213]"
722.08,0,"(719.884, 725.226]"
723.46,0,"(719.884, 725.226]"
698.03,1,"(692.399, 706.339]"
721.54,0,"(719.884, 725.226]"
737.18,0,"(733.84, 738.213]"
726.6,0,"(725.226, 729.815]"
752.37,0,"(747.821, 763.22]"
738.77,0,"(738.213, 742.46]"
747.42,0,"(742.46, 747.821]"
742.17,0,"(738.213, 742.46]"
700.07,1,"(692.399, 706.339]"
744.06,0,"(742.46, 747.821]"
728.25,0,"(725.226, 729.815]"
756.03,0,"(747.821, 763.22]"
726.43,0,"(725.226, 729.815]"
709.49,0,"(706.339, 714.108]"
724.76,1,"(719.884, 725.226]"
703.85,0,"(692.399, 706.339]"
734.93,0,"(733.84, 738.213]"
736.73,0,"(733.84, 738.213]"
740.55,0,"(738.213, 742.46]"
727.31,0,"(725.226, 729.815]"
723.06,0,"(719.884, 725.226]"
740.4,0,"(738.213, 742.46]"
744.58,0,"(742.46, 747.821]"
723.83,0,"(719.884, 725.226]"
751.16,0,"(747.821, 763.22]"
707.74,1,"(706.339, 714.108]"
746.58,0,"(742.46, 747.821]"
704.91,0,"(692.399, 706.339]"
731.3,0,"(729.815, 733.84]"
735.83,0,"(733.84, 738.213]"
721.95,0,"(719.884, 725.226]"
741.89,0,"(738.213, 742.46]"
703.51,0,"(692.399, 706.339]"
738.29,0,"(738.213, 742.46]"
744.28,0,"(742.46, 747.821]"
743.24,1,"(742.46, 747.821]"
735.51,0,"(733.84, 738.213]"
727.04,0,"(725.226, 729.815]"
735.2,0,"(733.84, 738.213]"
726.42,0,"(725.226, 729.815]"
733.23,0,"(729.815, 733.84]"
741.49,0,"(738.213, 742.46]"
736.2,0,"(733.84, 738.213]"
704.13,0,"(692.399, 706.339]"
710.9,0,"(706.339, 714.108]"
722.26,0,"(719.884, 725.226]"
741.21,0,"(738.213, 742.46]"
748.01,0,"(747.821, 763.22]"
707.77,0,"(706.339, 714.108]"
718.84,0,"(714.108, 719.884]"
735.93,0,"(733.84, 738.213]"
732.81,0,"(729.815, 733.84]"
741.61,0,"(738.213, 742.46]"
722.64,0,"(719.884, 725.226]"
747.49,0,"(742.46, 747.821]"
730.51,1,"(729.815, 733.84]"
719.05,0,"(714.108, 719.884]"
738.28,0,"(738.213, 742.46]"
736.66,0,"(733.84, 738.213]"
722.46,0,"(719.884, 725.226]"
756.8,0,"(747.821, 763.22]"
759.48,0,"(747.821, 763.22]"
703.75,0,"(692.399, 706.339]"
757.29,0,"(747.821, 763.22]"
746.66,0,"(742.46, 747.821]"
731.04,0,"(729.815, 733.84]"
743.38,0,"(742.46, 747.821]"
743.06,0,"(742.46, 747.821]"
711.74,0,"(706.339, 714.108]"
737.62,0,"(733.84, 738.213]"
719.49,0,"(714.108, 719.884]"
714.39,0,"(714.108, 719.884]"
713.09,0,"(706.339, 714.108]"
735.34,0,"(733.84, 738.213]"
706.75,0,"(706.339, 714.108]"
753.76,0,"(747.821, 763.22]"
699.12,1,"(692.399, 706.339]"
741.12,0,"(738.213, 742.46]"
742.15,0,"(738.213, 742.46]"
704.28,1,"(692.399, 706.339]"
747.58,0,"(742.46, 747.821]"
727.27,0,"(725.226, 729.815]"
726.27,0,"(725.226, 729.815]"
725.23,0,"(725.226, 729.815]"
718.43,0,"(714.108, 719.884]"
732.15,0,"(729.815, 733.84]"
715.28,0,"(714.108, 719.884]"
719.66,0,"(714.108, 719.884]"
752.7,0,"(747.821, 763.22]"
730.06,0,"(729.815, 733.84]"
707.57,0,"(706.339, 714.108]"
738.2,0,"(733.84, 738.213]"
747.76,0,"(742.46, 747.821]"
739.98,0,"(738.213, 742.46]"
726.67,0,"(725.226, 729.815]"
731.73,0,"(729.815, 733.84]"
736.71,1,"(733.84, 738.213]"
738.28,0,"(738.213, 742.46]"
713.71,1,"(706.339, 714.108]"
723.49,0,"(719.884, 725.226]"
733.61,0,"(729.815, 733.84]"
720.63,0,"(719.884, 725.226]"
733.91,0,"(733.84, 738.213]"
731.09,0,"(729.815, 733.84]"
711.07,1,"(706.339, 714.108]"
703.96,0,"(692.399, 706.339]"
740.22,0,"(738.213, 742.46]"
714.15,0,"(714.108, 719.884]"
734.17,0,"(733.84, 738.213]"
729.96,0,"(729.815, 733.84]"
730.07,0,"(729.815, 733.84]"
714.59,0,"(714.108, 719.884]"
735.47,0,"(733.84, 738.213]"
697.79,1,"(692.399, 706.339]"
721.59,0,"(719.884, 725.226]"
724.29,0,"(719.884, 725.226]"
742.75,0,"(742.46, 747.821]"
748.35,0,"(747.821, 763.22]"
718.29,0,"(714.108, 719.884]"
732.34,0,"(729.815, 733.84]"
724.29,0,"(719.884, 725.226]"
739.19,0,"(738.213, 742.46]"
728.99,0,"(725.226, 729.815]"
721.55,0,"(719.884, 725.226]"
756.61,0,"(747.821, 763.22]"
756.22,0,"(747.821, 763.22]"
720.34,0,"(719.884, 725.226]"
741.14,0,"(738.213, 742.46]"
714.12,0,"(714.108, 719.884]"
722.46,0,"(719.884, 725.226]"
742.79,0,"(742.46, 747.821]"
753.87,0,"(747.821, 763.22]"
713.22,0,"(706.339, 714.108]"
736.51,0,"(733.84, 738.213]"
740.77,0,"(738.213, 742.46]"
751.17,0,"(747.821, 763.22]"
755.51,0,"(747.821, 763.22]"
734.57,0,"(733.84, 738.213]"
761.58,0,"(747.821, 763.22]"
721.2,0,"(719.884, 725.226]"
725.84,0,"(725.226, 729.815]"
714.06,0,"(706.339, 714.108]"
744.57,0,"(742.46, 747.821]"
692.94,1,"(692.399, 706.339]"
726.28,0,"(725.226, 729.815]"
715.45,0,"(714.108, 719.884]"
731.69,0,"(729.815, 733.84]"
752.25,0,"(747.821, 763.22]"
710.0,0,"(706.339, 714.108]"
738.81,0,"(738.213, 742.46]"
751.16,0,"(747.821, 763.22]"
732.29,0,"(729.815, 733.84]"
758.36,0,"(747.821, 763.22]"
732.45,0,"(729.815, 733.84]"
717.51,0,"(714.108, 719.884]"
737.94,0,"(733.84, 738.213]"
727.9,1,"(725.226, 729.815]"
700.79,0,"(692.399, 706.339]"
719.78,0,"(714.108, 719.884]"
731.86,0,"(729.815, 733.84]"
729.03,1,"(725.226, 729.815]"
720.21,0,"(719.884, 725.226]"
711.09,0,"(706.339, 714.108]"
723.66,0,"(719.884, 725.226]"
703.9,0,"(692.399, 706.339]"
721.85,0,"(719.884, 725.226]"
728.6,0,"(725.226, 729.815]"
724.72,0,"(719.884, 725.226]"
714.35,0,"(714.108, 719.884]"
738.24,0,"(738.213, 742.46]"
746.6,0,"(742.46, 747.821]"
735.4,0,"(733.84, 738.213]"
725.6,0,"(725.226, 729.815]"
718.36,0,"(714.108, 719.884]"
726.18,0,"(725.226, 729.815]"
712.4,1,"(706.339, 714.108]"
745.2,0,"(742.46, 747.821]"
720.34,0,"(719.884, 725.226]"
737.28,0,"(733.84, 738.213]"
724.56,0,"(719.884, 725.226]"
719.69,1,"(714.108, 719.884]"
733.72,0,"(729.815, 733.84]"
720.51,0,"(719.884, 725.226]"
735.01,0,"(733.84, 738.213]"
732.21,0,"(729.815, 733.84]"
725.22,0,"(719.884, 725.226]"
753.67,0,"(747.821, 763.22]"
711.86,0,"(706.339, 714.108]"
749.41,0,"(747.821, 763.22]"
727.37,0,"(725.226, 729.815]"
729.18,0,"(725.226, 729.815]"
712.24,0,"(706.339, 714.108]"
717.24,1,"(714.108, 719.884]"
731.78,0,"(729.815, 733.84]"
706.6,0,"(706.339, 714.108]"
721.41,0,"(719.884, 725.226]"
717.53,0,"(714.108, 719.884]"
733.35,0,"(729.815, 733.84]"
718.01,0,"(714.108, 719.884]"
750.02,0,"(747.821, 763.22]"
739.95,0,"(738.213, 742.46]"
744.52,0,"(742.46, 747.821]"
735.23,0,"(733.84, 738.213]"
717.0,0,"(714.108, 719.884]"
732.75,0,"(729.815, 733.84]"
732.81,0,"(729.815, 733.84]"
726.36,0,"(725.226, 729.815]"
733.55,0,"(729.815, 733.84]"
730.05,0,"(729.815, 733.84]"
701.32,0,"(692.399, 706.339]"
735.72,0,"(733.84, 738.213]"
730.65,0,"(729.815, 733.84]"
725.21,0,"(719.884, 725.226]"
750.65,0,"(747.821, 763.22]"
727.95,0,"(725.226, 729.815]"
739.67,0,"(738.213, 742.46]"
719.76,0,"(714.108, 719.884]"
740.19,0,"(738.213, 742.46]"
738.4,0,"(738.213, 742.46]"
744.61,0,"(742.46, 747.821]"
756.42,0,"(747.821, 763.22]"
745.8,0,"(742.46, 747.821]"
757.19,0,"(747.821, 763.22]"
712.91,0,"(706.339, 714.108]"
704.12,1,"(692.399, 706.339]"
727.87,0,"(725.226, 729.815]"
725.44,0,"(725.226, 729.815]"
745.57,0,"(742.46, 747.821]"
709.14,0,"(706.339, 714.108]"
740.69,0,"(738.213, 742.46]"
751.12,0,"(747.821, 763.22]"
730.0,0,"(729.815, 733.84]"
721.86,0,"(719.884, 725.226]"
737.88,0,"(733.84, 738.213]"
741.99,0,"(738.213, 742.46]"
720.07,1,"(719.884, 725.226]"
714.19,0,"(714.108, 719.884]"
734.37,0,"(733.84, 738.213]"
729.88,0,"(729.815, 733.84]"
741.32,0,"(738.213, 742.46]"
734.6,0,"(733.84, 738.213]"
749.04,0,"(747.821, 763.22]"
745.74,0,"(742.46, 747.821]"
708.51,1,"(706.339, 714.108]"
734.47,0,"(733.84, 738.213]"
729.09,0,"(725.226, 729.815]"
719.39,0,"(714.108, 719.884]"
717.04,0,"(714.108, 719.884]"
733.79,0,"(729.815, 733.84]"
715.0,1,"(714.108, 719.884]"
722.95,0,"(719.884, 725.226]"
720.6,0,"(719.884, 725.226]"
742.37,0,"(738.213, 742.46]"
723.41,0,"(719.884, 725.226]"
701.13,0,"(692.399, 706.339]"
720.38,0,"(719.884, 725.226]"
731.56,0,"(729.815, 733.84]"
753.82,0,"(747.821, 763.22]"
741.75,0,"(738.213, 742.46]"
716.6,0,"(714.108, 719.884]"
722.68,0,"(719.884, 725.226]"
713.76,0,"(706.339, 714.108]"
715.4,0,"(714.108, 719.884]"
725.78,0,"(725.226, 729.815]"
744.56,0,"(742.46, 747.821]"
725.85,0,"(725.226, 729.815]"
721.17,0,"(719.884, 725.226]"
746.63,0,"(742.46, 747.821]"
736.71,0,"(733.84, 738.213]"
741.09,0,"(738.213, 742.46]"
760.63,0,"(747.821, 763.22]"
721.39,0,"(719.884, 725.226]"
747.93,0,"(747.821, 763.22]"
751.07,0,"(747.821, 763.22]"
751.75,0,"(747.821, 763.22]"
745.28,0,"(742.46, 747.821]"
744.7,0,"(742.46, 747.821]"
724.97,0,"(719.884, 725.226]"
739.93,0,"(738.213, 742.46]"
763.22,0,"(747.821, 763.22]"
727.27,0,"(725.226, 729.815]"
720.67,1,"(719.884, 725.226]"
740.69,0,"(738.213, 742.46]"
729.09,0,"(725.226, 729.815]"
728.48,0,"(725.226, 729.815]"
709.01,0,"(706.339, 714.108]"
725.96,0,"(725.226, 729.815]"
727.42,1,"(725.226, 729.815]"
732.03,0,"(729.815, 733.84]"
702.78,0,"(692.399, 706.339]"
715.09,0,"(714.108, 719.884]"
745.53,0,"(742.46, 747.821]"
738.69,0,"(738.213, 742.46]"
711.85,0,"(706.339, 714.108]"
740.13,0,"(738.213, 742.46]"
696.7,1,"(692.399, 706.339]"
747.95,0,"(747.821, 763.22]"
732.19,0,"(729.815, 733.84]"
749.18,0,"(747.821, 763.22]"
745.73,0,"(742.46, 747.821]"
731.55,0,"(729.815, 733.84]"
734.87,0,"(733.84, 738.213]"
733.32,0,"(729.815, 733.84]"
747.13,0,"(742.46, 747.821]"
735.72,0,"(733.84, 738.213]"
705.04,0,"(692.399, 706.339]"
746.58,0,"(742.46, 747.821]"
722.87,0,"(719.884, 725.226]"
723.54,0,"(719.884, 725.226]"
732.4,0,"(729.815, 733.84]"
721.54,0,"(719.884, 725.226]"
739.58,0,"(738.213, 742.46]"
742.87,0,"(742.46, 747.821]"
753.98,0,"(747.821, 763.22]"
721.94,0,"(719.884, 725.226]"
734.08,0,"(733.84, 738.213]"
742.29,0,"(738.213, 742.46]"
748.27,0,"(747.821, 763.22]"
712.91,0,"(706.339, 714.108]"
724.54,0,"(719.884, 725.226]"
714.56,0,"(714.108, 719.884]"
757.31,0,"(747.821, 763.22]"
744.1,0,"(742.46, 747.821]"
718.27,0,"(714.108, 719.884]"
714.92,0,"(714.108, 719.884]"
700.85,0,"(692.399, 706.339]"
741.02,0,"(738.213, 742.46]"
712.87,0,"(706.339, 714.108]"
740.51,0,"(738.213, 742.46]"
745.64,0,"(742.46, 747.821]"
742.78,0,"(742.46, 747.821]"
707.71,0,"(706.339, 714.108]"
733.49,1,"(729.815, 733.84]"
741.09,0,"(738.213, 742.46]"
735.36,0,"(733.84, 738.213]"
733.32,0,"(729.815, 733.84]"
750.57,0,"(747.821, 763.22]"
738.34,0,"(738.213, 742.46]"
714.2,0,"(714.108, 719.884]"
727.51,0,"(725.226, 729.815]"
717.21,0,"(714.108, 719.884]"
749.47,0,"(747.821, 763.22]"
719.91,0,"(719.884, 725.226]"
736.51,0,"(733.84, 738.213]"
732.15,0,"(729.815, 733.84]"
706.31,0,"(692.399, 706.339]"
754.14,0,"(747.821, 763.22]"
712.27,1,"(706.339, 714.108]"
714.04,0,"(706.339, 714.108]"
714.5,0,"(714.108, 719.884]"
730.79,0,"(729.815, 733.84]"
741.93,0,"(738.213, 742.46]"
733.3,0,"(729.815, 733.84]"
717.18,0,"(714.108, 719.884]"
715.06,0,"(714.108, 719.884]"
724.12,0,"(719.884, 725.226]"
704.44,0,"(692.399, 706.339]"
740.8,0,"(738.213, 742.46]"
755.08,0,"(747.821, 763.22]"
744.16,0,"(742.46, 747.821]"
725.64,0,"(725.226, 729.815]"
725.4,0,"(725.226, 729.815]"
730.62,0,"(729.815, 733.84]"
704.83,0,"(692.399, 706.339]"
750.17,0,"(747.821, 763.22]"
702.17,0,"(692.399, 706.339]"
700.88,0,"(692.399, 706.339]"
715.51,0,"(714.108, 719.884]"
723.81,0,"(719.884, 725.226]"
727.27,0,"(725.226, 729.815]"
749.6,0,"(747.821, 763.22]"
739.22,0,"(738.213, 742.46]"
724.06,0,"(719.884, 725.226]"
713.78,0,"(706.339, 714.108]"
753.39,0,"(747.821, 763.22]"
736.76,0,"(733.84, 738.213]"
713.52,1,"(706.339, 714.108]"
731.06,0,"(729.815, 733.84]"
735.06,0,"(733.84, 738.213]"
722.85,0,"(719.884, 725.226]"
723.97,1,"(719.884, 725.226]"
720.74,0,"(719.884, 725.226]"
718.93,0,"(714.108, 719.884]"
734.99,0,"(733.84, 738.213]"
753.31,0,"(747.821, 763.22]"
702.31,1,"(692.399, 706.339]"
711.96,0,"(706.339, 714.108]"
712.7,0,"(706.339, 714.108]"
712.94,1,"(706.339, 714.108]"
728.89,0,"(725.226, 729.815]"
703.64,1,"(692.399, 706.339]"
729.08,1,"(725.226, 729.815]"
733.96,0,"(733.84, 738.213]"
707.44,1,"(706.339, 714.108]"
704.87,0,"(692.399, 706.339]"
725.21,0,"(719.884, 725.226]"
760.26,0,"(747.821, 763.22]"
706.97,0,"(706.339, 714.108]"
740.15,0,"(738.213, 742.46]"
741.66,0,"(738.213, 742.46]"
719.18,0,"(714.108, 719.884]"
712.96,0,"(706.339, 714.108]"
699.05,0,"(692.399, 706.339]"
736.52,0,"(733.84, 738.213]"
748.06,0,"(747.821, 763.22]"
736.92,0,"(733.84, 738.213]"
700.9,0,"(692.399, 706.339]"
740.59,0,"(738.213, 742.46]"
700.96,0,"(692.399, 706.339]"
746.71,0,"(742.46, 747.821]"
729.85,0,"(729.815, 733.84]"
707.68,1,"(706.339, 714.108]"
707.3,0,"(706.339, 714.108]"
732.84,0,"(729.815, 733.84]"
748.27,0,"(747.821, 763.22]"
722.72,0,"(719.884, 725.226]"
716.3,0,"(714.108, 719.884]"
726.06,0,"(725.226, 729.815]"
724.82,0,"(719.884, 725.226]"
712.4,0,"(706.339, 714.108]"
740.28,0,"(738.213, 742.46]"
718.55,0,"(714.108, 719.884]"
730.03,0,"(729.815, 733.84]"
725.81,1,"(725.226, 729.815]"
723.86,0,"(719.884, 725.226]"
741.54,0,"(738.213, 742.46]"
699.79,0,"(692.399, 706.339]"
748.31,0,"(747.821, 763.22]"
745.72,0,"(742.46, 747.821]"
710.69,0,"(706.339, 714.108]"
738.09,0,"(733.84, 738.213]"
719.74,0,"(714.108, 719.884]"
723.92,0,"(719.884, 725.226]"
732.68,0,"(729.815, 733.84]"
698.46,0,"(692.399, 706.339]"
702.31,0,"(692.399, 706.339]"
754.41,0,"(747.821, 763.22]"
721.32,0,"(719.884, 725.226]"
737.67,0,"(733.84, 738.213]"
729.97,0,"(729.815, 733.84]"
721.49,0,"(719.884, 725.226]"
741.85,0,"(738.213, 742.46]"
754.93,0,"(747.821, 763.22]"
747.09,0,"(742.46, 747.821]"
735.55,0,"(733.84, 738.213]"
733.26,0,"(729.815, 733.84]"
734.82,0,"(733.84, 738.213]"
725.41,0,"(725.226, 729.815]"
733.0,1,"(729.815, 733.84]"
746.85,0,"(742.46, 747.821]"
728.76,0,"(725.226, 729.815]"
713.06,0,"(706.339, 714.108]"
699.22,1,"(692.399, 706.339]"
743.78,0,"(742.46, 747.821]"
704.29,0,"(692.399, 706.339]"
750.57,1,"(747.821, 763.22]"
702.46,0,"(692.399, 706.339]"
727.96,0,"(725.226, 729.815]"
745.24,0,"(742.46, 747.821]"
695.14,1,"(692.399, 706.339]"
732.67,0,"(729.815, 733.84]"
727.23,0,"(725.226, 729.815]"
713.92,0,"(706.339, 714.108]"
722.12,0,"(719.884, 725.226]"
699.09,0,"(692.399, 706.339]"
730.78,0,"(729.815, 733.84]"
737.39,0,"(733.84, 738.213]"
728.65,0,"(725.226, 729.815]"
752.95,0,"(747.821, 763.22]"
712.36,0,"(706.339, 714.108]"
740.57,0,"(738.213, 742.46]"
724.95,0,"(719.884, 725.226]"
724.86,0,"(719.884, 725.226]"
734.62,0,"(733.84, 738.213]"
750.94,0,"(747.821, 763.22]"
731.41,0,"(729.815, 733.84]"
750.68,0,"(747.821, 763.22]"
724.14,0,"(719.884, 725.226]"
705.62,1,"(692.399, 706.339]"
742.29,0,"(738.213, 742.46]"
718.57,0,"(714.108, 719.884]"
698.71,1,"(692.399, 706.339]"
738.51,0,"(738.213, 742.46]"
750.45,0,"(747.821, 763.22]"
739.34,0,"(738.213, 742.46]"
709.29,0,"(706.339, 714.108]"
737.59,0,"(733.84, 738.213]"
737.54,0,"(733.84, 738.213]"
702.81,0,"(692.399, 706.339]"
701.11,0,"(692.399, 706.339]"
716.44,0,"(714.108, 719.884]"
725.94,0,"(725.226, 729.815]"
716.55,0,"(714.108, 719.884]"
735.09,0,"(733.84, 738.213]"
733.82,0,"(729.815, 733.84]"
734.54,0,"(733.84, 738.213]"
732.72,0,"(729.815, 733.84]"
721.75,0,"(719.884, 725.226]"
718.03,0,"(714.108, 719.884]"
735.33,0,"(733.84, 738.213]"
719.92,0,"(719.884, 725.226]"
740.28,0,"(738.213, 742.46]"
727.95,0,"(725.226, 729.815]"
746.71,0,"(742.46, 747.821]"
702.1,0,"(692.399, 706.339]"
735.01,0,"(733.84, 738.213]"
722.24,0,"(719.884, 725.226]"
726.92,0,"(725.226, 729.815]"
742.51,0,"(742.46, 747.821]"
731.75,0,"(729.815, 733.84]"
717.74,0,"(714.108, 719.884]"
747.44,0,"(742.46, 747.821]"
750.01,0,"(747.821, 763.22]"
704.65,0,"(692.399, 706.339]"
736.74,0,"(733.84, 738.213]"
701.82,0,"(692.399, 706.339]"
726.97,0,"(725.226, 729.815]"
700.2,1,"(692.399, 706.339]"
735.79,0,"(733.84, 738.213]"
725.48,0,"(725.226, 729.815]"
739.08,0,"(738.213, 742.46]"
747.87,1,"(747.821, 763.22]"
727.29,0,"(725.226, 729.815]"
729.66,0,"(725.226, 729.815]"
726.25,0,"(725.226, 729.815]"
707.07,0,"(706.339, 714.108]"
728.8,0,"(725.226, 729.815]"
711.32,0,"(706.339, 714.108]"
717.15,0,"(714.108, 719.884]"
699.47,0,"(692.399, 706.339]"
747.46,0,"(742.46, 747.821]"
753.13,0,"(747.821, 763.22]"
727.75,0,"(725.226, 729.815]"
726.27,0,"(725.226, 729.815]"
752.91,0,"(747.821, 763.22]"
724.8,0,"(719.884, 725.226]"
724.48,0,"(719.884, 725.226]"
723.17,0,"(719.884, 725.226]"
732.67,0,"(729.815, 733.84]"
733.13,0,"(729.815, 733.84]"
730.14,0,"(729.815, 733.84]"
708.27,0,"(706.339, 714.108]"
721.98,0,"(719.884, 725.226]"
740.71,0,"(738.213, 742.46]"
729.39,0,"(725.226, 729.815]"
715.73,0,"(714.108, 719.884]"
746.15,0,"(742.46, 747.821]"
699.52,0,"(692.399, 706.339]"
700.66,0,"(692.399, 706.339]"
744.93,0,"(742.46, 747.821]"
730.7,0,"(729.815, 733.84]"
719.29,0,"(714.108, 719.884]"
719.27,0,"(714.108, 719.884]"
739.24,0,"(738.213, 742.46]"
743.18,1,"(742.46, 747.821]"
730.25,0,"(729.815, 733.84]"
723.66,1,"(719.884, 725.226]"
747.44,0,"(742.46, 747.821]"
716.35,0,"(714.108, 719.884]"
721.44,0,"(719.884, 725.226]"
715.34,1,"(714.108, 719.884]"
737.54,0,"(733.84, 738.213]"
701.78,0,"(692.399, 706.339]"
693.45,1,"(692.399, 706.339]"
735.01,0,"(733.84, 738.213]"
711.09,0,"(706.339, 714.108]"
711.67,0,"(706.339, 714.108]"
743.76,0,"(742.46, 747.821]"
697.07,0,"(692.399, 706.339]"
724.37,0,"(719.884, 725.226]"
732.25,0,"(729.815, 733.84]"
745.08,0,"(742.46, 747.821]"
703.49,0,"(692.399, 706.339]"
739.97,0,"(738.213, 742.46]"
703.53,0,"(692.399, 706.339]"
747.05,0,"(742.46, 747.821]"
757.33,0,"(747.821, 763.22]"
753.59,0,"(747.821, 763.22]"
742.28,0,"(738.213, 742.46]"
743.23,0,"(742.46, 747.821]"
723.39,0,"(719.884, 725.226]"
719.25,0,"(714.108, 719.884]"
719.53,0,"(714.108, 719.884]"
739.96,0,"(738.213, 742.46]"
722.58,0,"(719.884, 725.226]"
754.78,0,"(747.821, 763.22]"
727.46,0,"(725.226, 729.815]"
728.63,0,"(725.226, 729.815]"
737.37,0,"(733.84, 738.213]"
742.68,0,"(742.46, 747.821]"
743.27,0,"(742.46, 747.821]"
737.63,0,"(733.84, 738.213]"
743.32,0,"(742.46, 747.821]"
744.68,0,"(742.46, 747.821]"
705.89,0,"(692.399, 706.339]"
728.32,0,"(725.226, 729.815]"
730.07,0,"(729.815, 733.84]"
709.87,0,"(706.339, 714.108]"
712.46,0,"(706.339, 714.108]"
717.8,0,"(714.108, 719.884]"
714.56,0,"(714.108, 719.884]"
734.17,0,"(733.84, 738.213]"
728.99,0,"(725.226, 729.815]"
729.92,0,"(729.815, 733.84]"
731.34,0,"(729.815, 733.84]"
717.5,0,"(714.108, 719.884]"
720.16,0,"(719.884, 725.226]"
730.66,0,"(729.815, 733.84]"
720.97,0,"(719.884, 725.226]"
702.98,0,"(692.399, 706.339]"
738.39,0,"(738.213, 742.46]"
751.34,0,"(747.821, 763.22]"
750.08,0,"(747.821, 763.22]"
713.92,0,"(706.339, 714.108]"
715.26,0,"(714.108, 719.884]"
749.6,0,"(747.821, 763.22]"
722.36,0,"(719.884, 725.226]"
719.67,0,"(714.108, 719.884]"
730.32,0,"(729.815, 733.84]"
700.47,0,"(692.399, 706.339]"
743.09,0,"(742.46, 747.821]"
732.94,0,"(729.815, 733.84]"
739.67,0,"(738.213, 742.46]"
731.21,0,"(729.815, 733.84]"
724.96,0,"(719.884, 725.226]"
727.7,0,"(725.226, 729.815]"
721.95,0,"(719.884, 725.226]"
738.94,0,"(738.213, 742.46]"
721.64,0,"(719.884, 725.226]"
735.26,0,"(733.84, 738.213]"
721.03,0,"(719.884, 725.226]"
711.21,0,"(706.339, 714.108]"
703.81,1,"(692.399, 706.339]"
707.18,0,"(706.339, 714.108]"
712.22,0,"(706.339, 714.108]"
740.25,0,"(738.213, 742.46]"
718.24,0,"(714.108, 719.884]"
739.14,0,"(738.213, 742.46]"
750.33,0,"(747.821, 763.22]"
740.91,0,"(738.213, 742.46]"
716.9,0,"(714.108, 719.884]"
734.69,0,"(733.84, 738.213]"
730.18,0,"(729.815, 733.84]"
738.46,0,"(738.213, 742.46]"
731.68,0,"(729.815, 733.84]"
727.39,0,"(725.226, 729.815]"
734.53,0,"(733.84, 738.213]"
709.17,1,"(706.339, 714.108]"
745.95,0,"(742.46, 747.821]"
732.77,0,"(729.815, 733.84]"
728.99,0,"(725.226, 729.815]"
731.04,0,"(729.815, 733.84]"
737.39,0,"(733.84, 738.213]"
740.86,0,"(738.213, 742.46]"
715.09,1,"(714.108, 719.884]"
740.31,0,"(738.213, 742.46]"
742.15,1,"(738.213, 742.46]"
753.74,0,"(747.821, 763.22]"
738.65,0,"(738.213, 742.46]"
735.57,0,"(733.84, 738.213]"
745.4,0,"(742.46, 747.821]"
705.27,1,"(692.399, 706.339]"
720.23,0,"(719.884, 725.226]"
731.69,0,"(729.815, 733.84]"
740.14,0,"(738.213, 742.46]"
733.41,0,"(729.815, 733.84]"
730.49,0,"(729.815, 733.84]"
708.87,0,"(706.339, 714.108]"
710.03,0,"(706.339, 714.108]"
708.4,0,"(706.339, 714.108]"
729.93,0,"(729.815, 733.84]"
745.07,0,"(742.46, 747.821]"
710.1,1,"(706.339, 714.108]"
703.46,0,"(692.399, 706.339]"
727.05,0,"(725.226, 729.815]"
741.21,0,"(738.213, 742.46]"
742.1,0,"(738.213, 742.46]"
727.94,0,"(725.226, 729.815]"
710.32,1,"(706.339, 714.108]"
736.33,0,"(733.84, 738.213]"
719.33,0,"(714.108, 719.884]"
727.85,0,"(725.226, 729.815]"
737.78,0,"(733.84, 738.213]"
729.12,0,"(725.226, 729.815]"
735.09,0,"(733.84, 738.213]"
728.05,0,"(725.226, 729.815]"
700.39,0,"(692.399, 706.339]"
712.69,1,"(706.339, 714.108]"
744.45,0,"(742.46, 747.821]"
756.79,0,"(747.821, 763.22]"
712.12,0,"(706.339, 714.108]"
735.48,0,"(733.84, 738.213]"
740.56,0,"(738.213, 742.46]"
719.93,0,"(719.884, 725.226]"
740.32,0,"(738.213, 742.46]"
731.45,1,"(729.815, 733.84]"
741.63,0,"(738.213, 742.46]"
745.96,0,"(742.46, 747.821]"
701.61,0,"(692.399, 706.339]"
759.69,0,"(747.821, 763.22]"
736.58,0,"(733.84, 738.213]"
752.7,0,"(747.821, 763.22]"
740.28,0,"(738.213, 742.46]"
704.85,0,"(692.399, 706.339]"
744.18,0,"(742.46, 747.821]"
743.24,0,"(742.46, 747.821]"
725.72,0,"(725.226, 729.815]"
746.92,0,"(742.46, 747.821]"
712.55,0,"(706.339, 714.108]"
748.36,0,"(747.821, 763.22]"
742.62,0,"(742.46, 747.821]"
742.9,0,"(742.46, 747.821]"
720.48,0,"(719.884, 725.226]"
740.61,0,"(738.213, 742.46]"
741.1,0,"(738.213, 742.46]"
745.31,0,"(742.46, 747.821]"
739.32,0,"(738.213, 742.46]"
740.77,0,"(738.213, 742.46]"
725.12,0,"(719.884, 725.226]"
734.34,0,"(733.84, 738.213]"
750.52,0,"(747.821, 763.22]"
732.42,1,"(729.815, 733.84]"
726.04,0,"(725.226, 729.815]"
741.75,0,"(738.213, 742.46]"
751.95,0,"(747.821, 763.22]"
759.05,0,"(747.821, 763.22]"
721.03,0,"(719.884, 725.226]"
715.68,0,"(714.108, 719.884]"
745.43,0,"(742.46, 747.821]"
730.42,0,"(729.815, 733.84]"
749.49,0,"(747.821, 763.22]"
726.89,0,"(725.226, 729.815]"
757.46,0,"(747.821, 763.22]"
731.69,0,"(729.815, 733.84]"
718.98,0,"(714.108, 719.884]"
727.9,0,"(725.226, 729.815]"
753.99,0,"(747.821, 763.22]"
725.39,0,"(725.226, 729.815]"
739.54,0,"(738.213, 742.46]"
742.55,0,"(742.46, 747.821]"
737.48,0,"(733.84, 738.213]"
750.09,0,"(747.821, 763.22]"
744.85,0,"(742.46, 747.821]"
737.48,0,"(733.84, 738.213]"
703.75,0,"(692.399, 706.339]"
711.73,0,"(706.339, 714.108]"
735.56,0,"(733.84, 738.213]"
734.6,0,"(733.84, 738.213]"
718.88,0,"(714.108, 719.884]"
743.03,0,"(742.46, 747.821]"
749.08,0,"(747.821, 763.22]"
731.96,0,"(729.815, 733.84]"
739.65,0,"(738.213, 742.46]"
736.88,0,"(733.84, 738.213]"
744.02,0,"(742.46, 747.821]"
759.67,0,"(747.821, 763.22]"
743.05,0,"(742.46, 747.821]"
751.21,0,"(747.821, 763.22]"
734.4,0,"(733.84, 738.213]"
743.68,0,"(742.46, 747.821]"
728.13,0,"(725.226, 729.815]"
728.29,0,"(725.226, 729.815]"
726.62,0,"(725.226, 729.815]"
742.0,0,"(738.213, 742.46]"
727.34,1,"(725.226, 729.815]"
749.55,0,"(747.821, 763.22]"
718.66,0,"(714.108, 719.884]"
705.84,0,"(692.399, 706.339]"
703.89,1,"(692.399, 706.339]"
701.93,1,"(692.399, 706.339]"
742.76,0,"(742.46, 747.821]"
755.03,0,"(747.821, 763.22]"
751.41,0,"(747.821, 763.22]"
748.06,0,"(747.821, 763.22]"
733.68,0,"(729.815, 733.84]"
749.82,0,"(747.821, 763.22]"
704.47,0,"(692.399, 706.339]"
732.96,0,"(729.815, 733.84]"
716.05,0,"(714.108, 719.884]"
739.19,0,"(738.213, 742.46]"
716.27,0,"(714.108, 719.884]"
722.91,0,"(719.884, 725.226]"
746.58,0,"(742.46, 747.821]"
731.76,0,"(729.815, 733.84]"
732.67,0,"(729.815, 733.84]"
702.96,0,"(692.399, 706.339]"
710.91,0,"(706.339, 714.108]"
743.73,0,"(742.46, 747.821]"
747.38,0,"(742.46, 747.821]"
756.8,0,"(747.821, 763.22]"
731.38,0,"(729.815, 733.84]"
749.98,0,"(747.821, 763.22]"
710.75,0,"(706.339, 714.108]"
718.81,0,"(714.108, 719.884]"
705.21,0,"(692.399, 706.339]"
698.11,1,"(692.399, 706.339]"
725.53,0,"(725.226, 729.815]"
738.85,0,"(738.213, 742.46]"
717.27,0,"(714.108, 719.884]"
725.38,0,"(725.226, 729.815]"
714.06,0,"(706.339, 714.108]"
712.74,0,"(706.339, 714.108]"
747.04,0,"(742.46, 747.821]"
735.07,0,"(733.84, 738.213]"
750.14,0,"(747.821, 763.22]"
742.16,0,"(738.213, 742.46]"
736.89,0,"(733.84, 738.213]"
709.33,0,"(706.339, 714.108]"
724.57,0,"(719.884, 725.226]"
724.14,0,"(719.884, 725.226]"
703.05,1,"(692.399, 706.339]"
716.0,0,"(714.108, 719.884]"
734.35,0,"(733.84, 738.213]"
735.91,0,"(733.84, 738.213]"
740.53,0,"(738.213, 742.46]"
734.87,0,"(733.84, 738.213]"
744.79,0,"(742.46, 747.821]"
704.15,0,"(692.399, 706.339]"
700.83,0,"(692.399, 706.339]"
741.34,0,"(738.213, 742.46]"
721.52,0,"(719.884, 725.226]"
723.9,0,"(719.884, 725.226]"
697.8,0,"(692.399, 706.339]"
705.17,0,"(692.399, 706.339]"
718.21,0,"(714.108, 719.884]"
710.75,0,"(706.339, 714.108]"
714.73,1,"(714.108, 719.884]"
753.41,0,"(747.821, 763.22]"
715.71,0,"(714.108, 719.884]"
728.15,0,"(725.226, 729.815]"
721.34,0,"(719.884, 725.226]"
722.02,0,"(719.884, 725.226]"
739.31,0,"(738.213, 742.46]"
701.61,0,"(692.399, 706.339]"
728.72,0,"(725.226, 729.815]"
708.94,0,"(706.339, 714.108]"
726.61,0,"(725.226, 729.815]"
723.86,0,"(719.884, 725.226]"
723.82,0,"(719.884, 725.226]"
731.29,0,"(729.815, 733.84]"
711.06,0,"(706.339, 714.108]"
722.28,0,"(719.884, 725.226]"
736.55,0,"(733.84, 738.213]"
740.61,0,"(738.213, 742.46]"
711.54,0,"(706.339, 714.108]"
746.71,0,"(742.46, 747.821]"
741.52,0,"(738.213, 742.46]"
717.6,0,"(714.108, 719.884]"
745.41,0,"(742.46, 747.821]"
715.46,0,"(714.108, 719.884]"
698.14,0,"(692.399, 706.339]"
745.47,0,"(742.46, 747.821]"
744.78,0,"(742.46, 747.821]"
719.4,0,"(714.108, 719.884]"
740.89,0,"(738.213, 742.46]"
704.61,0,"(692.399, 706.339]"
742.44,0,"(738.213, 742.46]"
738.95,0,"(738.213, 742.46]"
733.82,0,"(729.815, 733.84]"
732.69,0,"(729.815, 733.84]"
738.7,0,"(738.213, 742.46]"
714.1,0,"(706.339, 714.108]"
750.59,0,"(747.821, 763.22]"
706.71,0,"(706.339, 714.108]"
702.56,0,"(692.399, 706.339]"
701.2,0,"(692.399, 706.339]"
705.61,0,"(692.399, 706.339]"
722.8,1,"(719.884, 725.226]"
695.42,0,"(692.399, 706.339]"
728.04,0,"(725.226, 729.815]"
751.36,0,"(747.821, 763.22]"
726.11,0,"(725.226, 729.815]"
697.49,1,"(692.399, 706.339]"
696.0,0,"(692.399, 706.339]"
749.82,0,"(747.821, 763.22]"
716.73,0,"(714.108, 719.884]"
729.48,0,"(725.226, 729.815]"
715.81,0,"(714.108, 719.884]"
733.19,1,"(729.815, 733.84]"
732.56,0,"(729.815, 733.84]"
704.95,0,"(692.399, 706.339]"
732.83,0,"(729.815, 733.84]"
710.17,0,"(706.339, 714.108]"
716.73,0,"(714.108, 719.884]"
731.64,0,"(729.815, 733.84]"
743.1,0,"(742.46, 747.821]"
699.46,0,"(692.399, 706.339]"
751.1,0,"(747.821, 763.22]"
731.6,0,"(729.815, 733.84]"
758.86,0,"(747.821, 763.22]"
732.81,1,"(729.815, 733.84]"
729.91,0,"(729.815, 733.84]"
735.29,0,"(733.84, 738.213]"
752.52,0,"(747.821, 763.22]"
724.89,0,"(719.884, 725.226]"
737.94,0,"(733.84, 738.213]"
744.34,0,"(742.46, 747.821]"
728.17,0,"(725.226, 729.815]"
728.52,0,"(725.226, 729.815]"
718.13,1,"(714.108, 719.884]"
706.56,0,"(706.339, 714.108]"
750.06,0,"(747.821, 763.22]"
727.31,0,"(725.226, 729.815]"
747.18,0,"(742.46, 747.821]"
703.88,0,"(692.399, 706.339]"
737.53,0,"(733.84, 738.213]"
755.5,0,"(747.821, 763.22]"
711.75,0,"(706.339, 714.108]"
744.02,0,"(742.46, 747.821]"
710.41,1,"(706.339, 714.108]"
751.81,0,"(747.821, 763.22]"
703.63,0,"(692.399, 706.339]"
710.62,0,"(706.339, 714.108]"
719.16,0,"(714.108, 719.884]"
736.42,0,"(733.84, 738.213]"
711.46,1,"(706.339, 714.108]"
700.58,0,"(692.399, 706.339]"
708.76,1,"(706.339, 714.108]"
701.93,0,"(692.399, 706.339]"
724.41,0,"(719.884, 725.226]"
748.35,0,"(747.821, 763.22]"
736.83,0,"(733.84, 738.213]"
755.3,0,"(747.821, 763.22]"
722.79,0,"(719.884, 725.226]"
734.38,0,"(733.84, 738.213]"
719.99,0,"(719.884, 725.226]"
705.38,0,"(692.399, 706.339]"
727.16,0,"(725.226, 729.815]"
750.32,0,"(747.821, 763.22]"
750.65,0,"(747.821, 763.22]"
752.28,0,"(747.821, 763.22]"
745.92,0,"(742.46, 747.821]"
710.25,1,"(706.339, 714.108]"
737.04,0,"(733.84, 738.213]"
752.03,0,"(747.821, 763.22]"
706.42,0,"(706.339, 714.108]"
723.35,0,"(719.884, 725.226]"
748.86,0,"(747.821, 763.22]"
723.66,1,"(719.884, 725.226]"
715.99,0,"(714.108, 719.884]"
736.34,0,"(733.84, 738.213]"
746.19,0,"(742.46, 747.821]"
749.14,0,"(747.821, 763.22]"
728.22,0,"(725.226, 729.815]"
739.1,0,"(738.213, 742.46]"
705.56,0,"(692.399, 706.339]"
737.83,0,"(733.84, 738.213]"
737.07,0,"(733.84, 738.213]"
730.74,0,"(729.815, 733.84]"
723.04,0,"(719.884, 725.226]"
727.4,0,"(725.226, 729.815]"
735.4,0,"(733.84, 738.213]"
753.43,0,"(747.821, 763.22]"
729.68,0,"(725.226, 729.815]"
732.31,0,"(729.815, 733.84]"
732.58,0,"(729.815, 733.84]"
716.4,0,"(714.108, 719.884]"
744.01,0,"(742.46, 747.821]"
735.01,0,"(733.84, 738.213]"
731.15,0,"(729.815, 733.84]"
736.68,0,"(733.84, 738.213]"
717.52,0,"(714.108, 719.884]"
712.21,0,"(706.339, 714.108]"
737.29,1,"(733.84, 738.213]"
742.67,1,"(742.46, 747.821]"
746.38,0,"(742.46, 747.821]"
717.22,0,"(714.108, 719.884]"
729.12,0,"(725.226, 729.815]"
716.45,0,"(714.108, 719.884]"
712.82,0,"(706.339, 714.108]"
732.8,0,"(729.815, 733.84]"
731.93,0,"(729.815, 733.84]"
756.6,0,"(747.821, 763.22]"
709.45,1,"(706.339, 714.108]"
738.49,0,"(738.213, 742.46]"
723.22,0,"(719.884, 725.226]"
738.25,0,"(738.213, 742.46]"
742.86,0,"(742.46, 747.821]"
725.15,0,"(719.884, 725.226]"
719.32,0,"(714.108, 719.884]"
740.37,0,"(738.213, 742.46]"
717.32,0,"(714.108, 719.884]"
744.0,0,"(742.46, 747.821]"
734.74,0,"(733.84, 738.213]"
736.69,0,"(733.84, 738.213]"
704.98,0,"(692.399, 706.339]"
739.42,0,"(738.213, 742.46]"
739.28,0,"(738.213, 742.46]"
718.94,1,"(714.108, 719.884]"
709.07,0,"(706.339, 714.108]"
744.1,0,"(742.46, 747.821]"
730.5,1,"(729.815, 733.84]"
748.37,0,"(747.821, 763.22]"
732.96,0,"(729.815, 733.84]"
748.21,0,"(747.821, 763.22]"
702.25,0,"(692.399, 706.339]"
707.23,0,"(706.339, 714.108]"
744.57,0,"(742.46, 747.821]"
713.74,0,"(706.339, 714.108]"
732.06,0,"(729.815, 733.84]"
717.58,0,"(714.108, 719.884]"
753.19,0,"(747.821, 763.22]"
719.62,0,"(714.108, 719.884]"
727.52,0,"(725.226, 729.815]"
712.85,0,"(706.339, 714.108]"
732.22,0,"(729.815, 733.84]"
717.52,0,"(714.108, 719.884]"
743.41,0,"(742.46, 747.821]"
726.04,0,"(725.226, 729.815]"
740.31,0,"(738.213, 742.46]"
699.58,0,"(692.399, 706.339]"
743.6,0,"(742.46, 747.821]"
724.56,0,"(719.884, 725.226]"
707.53,0,"(706.339, 714.108]"
741.74,0,"(738.213, 742.46]"
712.71,1,"(706.339, 714.108]"
715.01,0,"(714.108, 719.884]"
737.32,0,"(733.84, 738.213]"
721.87,0,"(719.884, 725.226]"
721.97,0,"(719.884, 725.226]"
721.75,0,"(719.884, 725.226]"
751.22,0,"(747.821, 763.22]"
750.65,0,"(747.821, 763.22]"
741.17,0,"(738.213, 742.46]"
730.37,0,"(729.815, 733.84]"
728.7,0,"(725.226, 729.815]"
721.53,0,"(719.884, 725.226]"
735.78,0,"(733.84, 738.213]"
743.47,0,"(742.46, 747.821]"
740.3,0,"(738.213, 742.46]"
709.31,0,"(706.339, 714.108]"
726.74,0,"(725.226, 729.815]"
727.92,0,"(725.226, 729.815]"
739.1,0,"(738.213, 742.46]"
719.92,0,"(719.884, 725.226]"
706.03,0,"(692.399, 706.339]"
745.68,0,"(742.46, 747.821]"
747.15,0,"(742.46, 747.821]"
721.96,0,"(719.884, 725.226]"
728.58,0,"(725.226, 729.815]"
740.34,0,"(738.213, 742.46]"
712.64,0,"(706.339, 714.108]"
736.36,0,"(733.84, 738.213]"
722.11,0,"(719.884, 725.226]"
732.01,0,"(729.815, 733.84]"
740.35,1,"(738.213, 742.46]"
708.67,0,"(706.339, 714.108]"
728.68,0,"(725.226, 729.815]"
726.18,0,"(725.226, 729.815]"
726.09,0,"(725.226, 729.815]"
759.51,0,"(747.821, 763.22]"
726.4,0,"(725.226, 729.815]"
727.13,0,"(725.226, 729.815]"
702.09,0,"(692.399, 706.339]"
735.18,0,"(733.84, 738.213]"
723.89,0,"(719.884, 725.226]"
702.15,1,"(692.399, 706.339]"
742.22,0,"(738.213, 742.46]"
746.76,0,"(742.46, 747.821]"
734.11,0,"(733.84, 738.213]"
732.6,0,"(729.815, 733.84]"
727.05,0,"(725.226, 729.815]"
711.08,0,"(706.339, 714.108]"
754.31,0,"(747.821, 763.22]"
756.87,0,"(747.821, 763.22]"
723.06,0,"(719.884, 725.226]"
732.93,0,"(729.815, 733.84]"
744.92,0,"(742.46, 747.821]"
734.43,0,"(733.84, 738.213]"
702.58,0,"(692.399, 706.339]"
716.31,0,"(714.108, 719.884]"
713.43,0,"(706.339, 714.108]"
749.58,0,"(747.821, 763.22]"
738.64,0,"(738.213, 742.46]"
725.12,0,"(719.884, 725.226]"
743.54,0,"(742.46, 747.821]"
725.25,0,"(725.226, 729.815]"
735.58,0,"(733.84, 738.213]"
728.19,0,"(725.226, 729.815]"
712.26,0,"(706.339, 714.108]"
728.28,0,"(725.226, 729.815]"
740.33,0,"(738.213, 742.46]"
719.59,0,"(714.108, 719.884]"
744.78,0,"(742.46, 747.821]"
739.8,0,"(738.213, 742.46]"
747.08,0,"(742.46, 747.821]"
705.15,0,"(692.399, 706.339]"
734.56,0,"(733.84, 738.213]"
718.3,0,"(714.108, 719.884]"
714.67,1,"(714.108, 719.884]"
713.36,0,"(706.339, 714.108]"
738.82,0,"(738.213, 742.46]"
718.6,0,"(714.108, 719.884]"
716.34,0,"(714.108, 719.884]"
718.5,0,"(714.108, 719.884]"
747.95,0,"(747.821, 763.22]"
736.1,0,"(733.84, 738.213]"
736.54,0,"(733.84, 738.213]"
755.85,0,"(747.821, 763.22]"
747.94,0,"(747.821, 763.22]"
731.67,0,"(729.815, 733.84]"
708.99,0,"(706.339, 714.108]"
726.35,0,"(725.226, 729.815]"
728.11,0,"(725.226, 729.815]"
753.5,0,"(747.821, 763.22]"
738.45,0,"(738.213, 742.46]"
720.8,0,"(719.884, 725.226]"
736.67,0,"(733.84, 738.213]"
739.57,0,"(738.213, 742.46]"
741.97,0,"(738.213, 742.46]"
745.12,0,"(742.46, 747.821]"
757.21,0,"(747.821, 763.22]"
701.45,0,"(692.399, 706.339]"
723.69,0,"(719.884, 725.226]"
734.14,0,"(733.84, 738.213]"
714.6,0,"(714.108, 719.884]"
708.47,0,"(706.339, 714.108]"
732.34,0,"(729.815, 733.84]"
712.71,0,"(706.339, 714.108]"
703.27,0,"(692.399, 706.339]"
729.61,0,"(725.226, 729.815]"
745.07,0,"(742.46, 747.821]"
696.67,1,"(692.399, 706.339]"
723.82,0,"(719.884, 725.226]"
750.63,0,"(747.821, 763.22]"
736.17,0,"(733.84, 738.213]"
709.57,0,"(706.339, 714.108]"
708.07,0,"(706.339, 714.108]"
741.09,0,"(738.213, 742.46]"
732.0,0,"(729.815, 733.84]"
700.33,0,"(692.399, 706.339]"
751.87,0,"(747.821, 763.22]"
720.31,0,"(719.884, 725.226]"
728.91,0,"(725.226, 729.815]"
747.21,0,"(742.46, 747.821]"
703.94,1,"(692.399, 706.339]"
712.86,0,"(706.339, 714.108]"
719.79,0,"(714.108, 719.884]"
758.78,0,"(747.821, 763.22]"
700.08,0,"(692.399, 706.339]"
719.41,0,"(714.108, 719.884]"
714.56,0,"(714.108, 719.884]"
713.56,0,"(706.339, 714.108]"
749.16,0,"(747.821, 763.22]"
703.76,0,"(692.399, 706.339]"
737.18,0,"(733.84, 738.213]"
747.98,0,"(747.821, 763.22]"
731.77,0,"(729.815, 733.84]"
729.74,0,"(725.226, 729.815]"
700.67,0,"(692.399, 706.339]"
729.46,0,"(725.226, 729.815]"
752.89,0,"(747.821, 763.22]"
732.23,0,"(729.815, 733.84]"
734.88,0,"(733.84, 738.213]"
719.46,0,"(714.108, 719.884]"
726.72,1,"(725.226, 729.815]"
723.37,0,"(719.884, 725.226]"
739.8,1,"(738.213, 742.46]"
716.71,0,"(714.108, 719.884]"
718.75,0,"(714.108, 719.884]"
716.35,0,"(714.108, 719.884]"
725.42,0,"(725.226, 729.815]"
701.94,0,"(692.399, 706.339]"
748.37,0,"(747.821, 763.22]"
734.68,0,"(733.84, 738.213]"
745.02,0,"(742.46, 747.821]"
738.22,0,"(738.213, 742.46]"
744.18,0,"(742.46, 747.821]"
731.8,0,"(729.815, 733.84]"
727.23,0,"(725.226, 729.815]"
733.31,0,"(729.815, 733.84]"
731.92,0,"(729.815, 733.84]"
703.13,1,"(692.399, 706.339]"
719.9,0,"(719.884, 725.226]"
702.69,0,"(692.399, 706.339]"
719.36,0,"(714.108, 719.884]"
702.51,0,"(692.399, 706.339]"
710.17,1,"(706.339, 714.108]"
735.01,0,"(733.84, 738.213]"
711.24,1,"(706.339, 714.108]"
703.71,1,"(692.399, 706.339]"
749.18,0,"(747.821, 763.22]"
722.24,0,"(719.884, 725.226]"
732.75,0,"(729.815, 733.84]"
736.45,0,"(733.84, 738.213]"
732.7,0,"(729.815, 733.84]"
726.12,0,"(725.226, 729.815]"
728.85,0,"(725.226, 729.815]"
727.09,0,"(725.226, 729.815]"
711.1,0,"(706.339, 714.108]"
699.72,1,"(692.399, 706.339]"
741.89,0,"(738.213, 742.46]"
748.58,0,"(747.821, 763.22]"
728.21,0,"(725.226, 729.815]"
713.68,0,"(706.339, 714.108]"
741.28,0,"(738.213, 742.46]"
727.55,0,"(725.226, 729.815]"
736.35,0,"(733.84, 738.213]"
730.04,0,"(729.815, 733.84]"
733.99,0,"(733.84, 738.213]"
744.28,0,"(742.46, 747.821]"
742.1,0,"(738.213, 742.46]"
728.05,0,"(725.226, 729.815]"
722.12,0,"(719.884, 725.226]"
727.98,0,"(725.226, 729.815]"
756.33,0,"(747.821, 763.22]"
733.11,0,"(729.815, 733.84]"
719.35,0,"(714.108, 719.884]"
739.43,0,"(738.213, 742.46]"
710.75,0,"(706.339, 714.108]"
742.15,0,"(738.213, 742.46]"
718.42,0,"(714.108, 719.884]"
704.68,0,"(692.399, 706.339]"
735.0,0,"(733.84, 738.213]"
743.39,0,"(742.46, 747.821]"
722.78,0,"(719.884, 725.226]"
739.2,0,"(738.213, 742.46]"
738.22,0,"(738.213, 742.46]"
704.6,0,"(692.399, 706.339]"
753.71,0,"(747.821, 763.22]"
739.06,0,"(738.213, 742.46]"
719.03,0,"(714.108, 719.884]"
703.79,0,"(692.399, 706.339]"
732.53,0,"(729.815, 733.84]"
707.28,1,"(706.339, 714.108]"
712.83,0,"(706.339, 714.108]"
723.76,0,"(719.884, 725.226]"
725.99,0,"(725.226, 729.815]"
721.76,0,"(719.884, 725.226]"
752.95,0,"(747.821, 763.22]"
732.37,0,"(729.815, 733.84]"
713.98,1,"(706.339, 714.108]"
735.25,0,"(733.84, 738.213]"
746.97,0,"(742.46, 747.821]"
738.56,0,"(738.213, 742.46]"
748.76,0,"(747.821, 763.22]"
728.72,0,"(725.226, 729.815]"
743.05,0,"(742.46, 747.821]"
727.84,0,"(725.226, 729.815]"
733.95,0,"(733.84, 738.213]"
705.82,0,"(692.399, 706.339]"
721.19,0,"(719.884, 725.226]"
709.98,0,"(706.339, 714.108]"
739.3,0,"(738.213, 742.46]"
728.33,0,"(725.226, 729.815]"
755.52,0,"(747.821, 763.22]"
750.75,0,"(747.821, 763.22]"
736.86,0,"(733.84, 738.213]"
711.78,0,"(706.339, 714.108]"
702.12,1,"(692.399, 706.339]"
699.97,1,"(692.399, 706.339]"
717.73,0,"(714.108, 719.884]"
714.11,0,"(714.108, 719.884]"
739.41,0,"(738.213, 742.46]"
716.67,0,"(714.108, 719.884]"
715.14,0,"(714.108, 719.884]"
713.84,0,"(706.339, 714.108]"
707.63,0,"(706.339, 714.108]"
740.64,0,"(738.213, 742.46]"
733.37,0,"(729.815, 733.84]"
711.8,0,"(706.339, 714.108]"
734.51,0,"(733.84, 738.213]"
723.5,0,"(719.884, 725.226]"
754.19,0,"(747.821, 763.22]"
731.72,0,"(729.815, 733.84]"
700.01,1,"(692.399, 706.339]"
729.2,0,"(725.226, 729.815]"
737.71,0,"(733.84, 738.213]"
723.54,0,"(719.884, 725.226]"
750.55,0,"(747.821, 763.22]"
720.32,0,"(719.884, 725.226]"
744.63,0,"(742.46, 747.821]"
742.66,0,"(742.46, 747.821]"
721.07,0,"(719.884, 725.226]"
719.72,0,"(714.108, 719.884]"
704.33,0,"(692.399, 706.339]"
712.84,0,"(706.339, 714.108]"
725.01,0,"(719.884, 725.226]"
720.28,1,"(719.884, 725.226]"
707.24,0,"(706.339, 714.108]"
736.63,0,"(733.84, 738.213]"
741.86,0,"(738.213, 742.46]"
739.04,0,"(738.213, 742.46]"
730.92,0,"(729.815, 733.84]"
700.66,0,"(692.399, 706.339]"
748.97,0,"(747.821, 763.22]"
736.57,0,"(733.84, 738.213]"
722.56,0,"(719.884, 725.226]"
734.86,0,"(733.84, 738.213]"
739.76,0,"(738.213, 742.46]"
737.58,0,"(733.84, 738.213]"
717.19,0,"(714.108, 719.884]"
736.24,0,"(733.84, 738.213]"
706.63,0,"(706.339, 714.108]"
726.08,0,"(725.226, 729.815]"
750.0,0,"(747.821, 763.22]"
708.91,0,"(706.339, 714.108]"
719.64,1,"(714.108, 719.884]"
743.85,0,"(742.46, 747.821]"
736.38,0,"(733.84, 738.213]"
701.85,0,"(692.399, 706.339]"
758.86,0,"(747.821, 763.22]"
749.3,0,"(747.821, 763.22]"
758.69,0,"(747.821, 763.22]"
753.46,0,"(747.821, 763.22]"
738.75,0,"(738.213, 742.46]"
739.74,0,"(738.213, 742.46]"
705.01,1,"(692.399, 706.339]"
706.63,0,"(706.339, 714.108]"
733.22,0,"(729.815, 733.84]"
713.78,0,"(706.339, 714.108]"
701.67,0,"(692.399, 706.339]"
736.8,0,"(733.84, 738.213]"
746.42,0,"(742.46, 747.821]"
744.61,0,"(742.46, 747.821]"
722.84,1,"(719.884, 725.226]"
712.68,1,"(706.339, 714.108]"
751.94,0,"(747.821, 763.22]"
700.75,1,"(692.399, 706.339]"
701.65,0,"(692.399, 706.339]"
743.3,0,"(742.46, 747.821]"
742.88,0,"(742.46, 747.821]"
751.79,0,"(747.821, 763.22]"
745.57,0,"(742.46, 747.821]"
732.07,0,"(729.815, 733.84]"
735.26,1,"(733.84, 738.213]"
740.07,0,"(738.213, 742.46]"
701.9,0,"(692.399, 706.339]"
703.78,0,"(692.399, 706.339]"
700.13,0,"(692.399, 706.339]"
729.26,0,"(725.226, 729.815]"
727.68,0,"(725.226, 729.815]"
734.51,0,"(733.84, 738.213]"
738.61,0,"(738.213, 742.46]"
706.82,0,"(706.339, 714.108]"
736.42,0,"(733.84, 738.213]"
704.39,1,"(692.399, 706.339]"
749.9,0,"(747.821, 763.22]"
740.22,0,"(738.213, 742.46]"
708.64,0,"(706.339, 714.108]"
760.07,0,"(747.821, 763.22]"
722.62,0,"(719.884, 725.226]"
721.26,0,"(719.884, 725.226]"
714.36,0,"(714.108, 719.884]"
744.05,0,"(742.46, 747.821]"
733.19,0,"(729.815, 733.84]"
701.75,0,"(692.399, 706.339]"
731.67,0,"(729.815, 733.84]"
741.46,0,"(738.213, 742.46]"
742.33,0,"(738.213, 742.46]"
731.11,0,"(729.815, 733.84]"
736.03,0,"(733.84, 738.213]"
721.97,0,"(719.884, 725.226]"
732.09,0,"(729.815, 733.84]"
744.47,0,"(742.46, 747.821]"
722.88,0,"(719.884, 725.226]"
732.22,0,"(729.815, 733.84]"
748.37,0,"(747.821, 763.22]"
701.94,0,"(692.399, 706.339]"
742.79,0,"(742.46, 747.821]"
737.03,0,"(733.84, 738.213]"
751.69,0,"(747.821, 763.22]"
745.66,0,"(742.46, 747.821]"
741.36,0,"(738.213, 742.46]"
734.68,0,"(733.84, 738.213]"
733.21,1,"(729.815, 733.84]"
737.5,0,"(733.84, 738.213]"
743.9,0,"(742.46, 747.821]"
731.14,0,"(729.815, 733.84]"
748.36,0,"(747.821, 763.22]"
732.12,0,"(729.815, 733.84]"
732.85,0,"(729.815, 733.84]"
715.91,0,"(714.108, 719.884]"
717.42,1,"(714.108, 719.884]"
732.28,0,"(729.815, 733.84]"
716.49,0,"(714.108, 719.884]"
698.09,0,"(692.399, 706.339]"
720.01,0,"(719.884, 725.226]"
707.49,0,"(706.339, 714.108]"
706.35,0,"(706.339, 714.108]"
724.35,0,"(719.884, 725.226]"
721.06,0,"(719.884, 725.226]"
736.07,1,"(733.84, 738.213]"
732.63,0,"(729.815, 733.84]"
740.69,0,"(738.213, 742.46]"
707.6,0,"(706.339, 714.108]"
732.54,1,"(729.815, 733.84]"
721.52,0,"(719.884, 725.226]"
725.41,0,"(725.226, 729.815]"
704.38,1,"(692.399, 706.339]"
737.1,0,"(733.84, 738.213]"
711.18,0,"(706.339, 714.108]"
744.31,0,"(742.46, 747.821]"
701.14,0,"(692.399, 706.339]"
716.27,0,"(714.108, 719.884]"
739.96,0,"(738.213, 742.46]"
735.38,0,"(733.84, 738.213]"
733.31,0,"(729.815, 733.84]"
720.3,0,"(719.884, 725.226]"
738.87,0,"(738.213, 742.46]"
757.8,0,"(747.821, 763.22]"
722.43,0,"(719.884, 725.226]"
714.04,0,"(706.339, 714.108]"
738.64,0,"(738.213, 742.46]"
719.52,0,"(714.108, 719.884]"
753.13,0,"(747.821, 763.22]"
712.62,0,"(706.339, 714.108]"
762.79,0,"(747.821, 763.22]"
735.03,0,"(733.84, 738.213]"
738.79,0,"(738.213, 742.46]"
708.81,1,"(706.339, 714.108]"
737.71,0,"(733.84, 738.213]"
730.61,0,"(729.815, 733.84]"
728.63,0,"(725.226, 729.815]"
719.64,0,"(714.108, 719.884]"
744.99,0,"(742.46, 747.821]"
710.24,0,"(706.339, 714.108]"
719.4,0,"(714.108, 719.884]"
698.68,1,"(692.399, 706.339]"
751.59,0,"(747.821, 763.22]"
746.4,0,"(742.46, 747.821]"
749.19,0,"(747.821, 763.22]"
698.81,1,"(692.399, 706.339]"
740.32,0,"(738.213, 742.46]"
706.1,0,"(692.399, 706.339]"
736.56,0,"(733.84, 738.213]"
711.63,0,"(706.339, 714.108]"
745.41,0,"(742.46, 747.821]"
708.55,1,"(706.339, 714.108]"
721.99,0,"(719.884, 725.226]"
733.82,0,"(729.815, 733.84]"
750.55,0,"(747.821, 763.22]"
714.73,0,"(714.108, 719.884]"
713.1,0,"(706.339, 714.108]"
718.44,0,"(714.108, 719.884]"
745.92,0,"(742.46, 747.821]"
702.4,0,"(692.399, 706.339]"
721.64,0,"(719.884, 725.226]"
704.28,0,"(692.399, 706.339]"
727.53,0,"(725.226, 729.815]"
715.62,0,"(714.108, 719.884]"
699.57,1,"(692.399, 706.339]"
724.25,0,"(719.884, 725.226]"
730.08,0,"(729.815, 733.84]"
722.17,0,"(719.884, 725.226]"
739.93,0,"(738.213, 742.46]"
725.49,1,"(725.226, 729.815]"
751.5,0,"(747.821, 763.22]"
727.47,0,"(725.226, 729.815]"
740.13,0,"(738.213, 742.46]"
707.26,1,"(706.339, 714.108]"
736.51,0,"(733.84, 738.213]"
737.15,0,"(733.84, 738.213]"
733.45,0,"(729.815, 733.84]"
719.48,0,"(714.108, 719.884]"
737.6,0,"(733.84, 738.213]"
748.3,0,"(747.821, 763.22]"
750.57,0,"(747.821, 763.22]"
742.55,0,"(742.46, 747.821]"
730.33,0,"(729.815, 733.84]"
738.24,0,"(738.213, 742.46]"
731.64,0,"(729.815, 733.84]"
724.65,0,"(719.884, 725.226]"
728.69,0,"(725.226, 729.815]"
720.1,0,"(719.884, 725.226]"
696.06,0,"(692.399, 706.339]"
726.91,0,"(725.226, 729.815]"
710.59,1,"(706.339, 714.108]"
705.54,0,"(692.399, 706.339]"
725.02,0,"(719.884, 725.226]"
754.25,0,"(747.821, 763.22]"
739.73,0,"(738.213, 742.46]"
726.9,0,"(725.226, 729.815]"
716.57,0,"(714.108, 719.884]"
725.83,0,"(725.226, 729.815]"
728.68,0,"(725.226, 729.815]"
732.58,0,"(729.815, 733.84]"
731.31,0,"(729.815, 733.84]"
732.09,0,"(729.815, 733.84]"
736.31,0,"(733.84, 738.213]"
725.33,0,"(725.226, 729.815]"
731.34,0,"(729.815, 733.84]"
738.05,0,"(733.84, 738.213]"
729.66,0,"(725.226, 729.815]"
727.68,0,"(725.226, 729.815]"
702.83,1,"(692.399, 706.339]"
720.34,0,"(719.884, 725.226]"
710.75,0,"(706.339, 714.108]"
739.63,0,"(738.213, 742.46]"
752.19,0,"(747.821, 763.22]"
744.65,0,"(742.46, 747.821]"
726.37,0,"(725.226, 729.815]"
729.48,0,"(725.226, 729.815]"
729.37,0,"(725.226, 729.815]"
745.41,0,"(742.46, 747.821]"
749.54,0,"(747.821, 763.22]"
713.08,0,"(706.339, 714.108]"
729.96,0,"(729.815, 733.84]"
727.0,0,"(725.226, 729.815]"
740.0,0,"(738.213, 742.46]"
744.66,0,"(742.46, 747.821]"
725.12,0,"(719.884, 725.226]"
716.0,0,"(714.108, 719.884]"
730.07,0,"(729.815, 733.84]"
744.76,0,"(742.46, 747.821]"
715.75,1,"(714.108, 719.884]"
723.97,0,"(719.884, 725.226]"
716.3,0,"(714.108, 719.884]"
753.03,0,"(747.821, 763.22]"
719.03,0,"(714.108, 719.884]"
725.76,0,"(725.226, 729.815]"
703.59,0,"(692.399, 706.339]"
711.95,0,"(706.339, 714.108]"
713.92,0,"(706.339, 714.108]"
702.85,0,"(692.399, 706.339]"
741.35,0,"(738.213, 742.46]"
697.2,1,"(692.399, 706.339]"
715.68,0,"(714.108, 719.884]"
731.57,0,"(729.815, 733.84]"
743.65,0,"(742.46, 747.821]"
735.75,0,"(733.84, 738.213]"
749.33,0,"(747.821, 763.22]"
738.01,0,"(733.84, 738.213]"
750.59,0,"(747.821, 763.22]"
709.4,0,"(706.339, 714.108]"
730.89,1,"(729.815, 733.84]"
722.92,0,"(719.884, 725.226]"
699.91,0,"(692.399, 706.339]"
749.65,0,"(747.821, 763.22]"
710.5,1,"(706.339, 714.108]"
729.71,0,"(725.226, 729.815]"
705.63,0,"(692.399, 706.339]"
737.07,0,"(733.84, 738.213]"
752.46,0,"(747.821, 763.22]"
752.42,0,"(747.821, 763.22]"
738.18,0,"(733.84, 738.213]"
736.3,0,"(733.84, 738.213]"
720.5,0,"(719.884, 725.226]"
749.3,0,"(747.821, 763.22]"
736.98,0,"(733.84, 738.213]"
758.54,0,"(747.821, 763.22]"
698.96,1,"(692.399, 706.339]"
726.88,0,"(725.226, 729.815]"
727.18,0,"(725.226, 729.815]"
711.59,0,"(706.339, 714.108]"
743.2,0,"(742.46, 747.821]"
713.02,0,"(706.339, 714.108]"
703.8,0,"(692.399, 706.339]"
729.57,0,"(725.226, 729.815]"
722.35,0,"(719.884, 725.226]"
697.35,0,"(692.399, 706.339]"
703.28,0,"(692.399, 706.339]"
738.97,0,"(738.213, 742.46]"
721.65,0,"(719.884, 725.226]"
718.26,1,"(714.108, 719.884]"
707.9,0,"(706.339, 714.108]"
735.32,0,"(733.84, 738.213]"
716.18,0,"(714.108, 719.884]"
753.97,0,"(747.821, 763.22]"
746.74,0,"(742.46, 747.821]"
718.98,0,"(714.108, 719.884]"
705.79,0,"(692.399, 706.339]"
723.62,0,"(719.884, 725.226]"
737.81,0,"(733.84, 738.213]"
742.83,0,"(742.46, 747.821]"
721.36,0,"(719.884, 725.226]"
728.46,0,"(725.226, 729.815]"
741.14,0,"(738.213, 742.46]"
741.93,0,"(738.213, 742.46]"
754.92,0,"(747.821, 763.22]"
724.0,1,"(719.884, 725.226]"
743.55,0,"(742.46, 747.821]"
725.83,0,"(725.226, 729.815]"
719.48,0,"(714.108, 719.884]"
730.71,0,"(729.815, 733.84]"
720.83,0,"(719.884, 725.226]"
739.28,0,"(738.213, 742.46]"
752.33,0,"(747.821, 763.22]"
719.72,1,"(714.108, 719.884]"
730.28,0,"(729.815, 733.84]"
740.17,0,"(738.213, 742.46]"
727.49,0,"(725.226, 729.815]"
717.39,0,"(714.108, 719.884]"
712.81,0,"(706.339, 714.108]"
733.54,0,"(729.815, 733.84]"
732.27,0,"(729.815, 733.84]"
725.65,0,"(725.226, 729.815]"
740.74,0,"(738.213, 742.46]"
740.95,0,"(738.213, 742.46]"
732.87,0,"(729.815, 733.84]"
743.64,0,"(742.46, 747.821]"
738.73,0,"(738.213, 742.46]"
726.58,0,"(725.226, 729.815]"
737.73,0,"(733.84, 738.213]"
724.56,0,"(719.884, 725.226]"
742.65,0,"(742.46, 747.821]"
706.95,0,"(706.339, 714.108]"
703.15,0,"(692.399, 706.339]"
698.56,1,"(692.399, 706.339]"
703.06,0,"(692.399, 706.339]"
737.94,0,"(733.84, 738.213]"
736.35,0,"(733.84, 738.213]"
732.23,0,"(729.815, 733.84]"
714.48,0,"(714.108, 719.884]"
704.7,1,"(692.399, 706.339]"
729.47,0,"(725.226, 729.815]"
726.02,0,"(725.226, 729.815]"
702.97,0,"(692.399, 706.339]"
718.57,0,"(714.108, 719.884]"
728.59,0,"(725.226, 729.815]"
750.44,0,"(747.821, 763.22]"
725.17,0,"(719.884, 725.226]"
743.33,0,"(742.46, 747.821]"
714.75,0,"(714.108, 719.884]"
737.41,0,"(733.84, 738.213]"
698.96,0,"(692.399, 706.339]"
696.57,0,"(692.399, 706.339]"
729.01,0,"(725.226, 729.815]"
760.02,0,"(747.821, 763.22]"
742.54,0,"(742.46, 747.821]"
705.91,0,"(692.399, 706.339]"
718.08,0,"(714.108, 719.884]"
724.88,0,"(719.884, 725.226]"
702.54,0,"(692.399, 706.339]"
726.33,0,"(725.226, 729.815]"
726.88,0,"(725.226, 729.815]"
719.57,0,"(714.108, 719.884]"
754.25,0,"(747.821, 763.22]"
734.03,0,"(733.84, 738.213]"
740.87,1,"(738.213, 742.46]"
748.08,0,"(747.821, 763.22]"
698.0,0,"(692.399, 706.339]"
747.15,0,"(742.46, 747.821]"
698.66,0,"(692.399, 706.339]"
732.21,0,"(729.815, 733.84]"
701.21,0,"(692.399, 706.339]"
744.1,0,"(742.46, 747.821]"
707.87,1,"(706.339, 714.108]"
724.76,0,"(719.884, 725.226]"
738.81,0,"(738.213, 742.46]"
715.49,0,"(714.108, 719.884]"
752.54,0,"(747.821, 763.22]"
726.39,0,"(725.226, 729.815]"
726.75,0,"(725.226, 729.815]"
706.31,0,"(692.399, 706.339]"
758.97,0,"(747.821, 763.22]"
703.92,1,"(692.399, 706.339]"
734.09,0,"(733.84, 738.213]"
737.18,0,"(733.84, 738.213]"
733.44,0,"(729.815, 733.84]"
722.7,0,"(719.884, 725.226]"
736.46,0,"(733.84, 738.213]"
749.25,0,"(747.821, 763.22]"
752.69,0,"(747.821, 763.22]"
743.38,0,"(742.46, 747.821]"
706.33,0,"(692.399, 706.339]"
722.69,0,"(719.884, 725.226]"
740.62,0,"(738.213, 742.46]"
722.04,0,"(719.884, 725.226]"
730.22,0,"(729.815, 733.84]"
720.12,0,"(719.884, 725.226]"
742.1,0,"(738.213, 742.46]"
697.59,1,"(692.399, 706.339]"
752.57,0,"(747.821, 763.22]"
748.11,0,"(747.821, 763.22]"
748.32,0,"(747.821, 763.22]"
705.29,0,"(692.399, 706.339]"
700.27,1,"(692.399, 706.339]"
739.63,0,"(738.213, 742.46]"
716.06,0,"(714.108, 719.884]"
730.98,0,"(729.815, 733.84]"
726.99,0,"(725.226, 729.815]"
701.99,0,"(692.399, 706.339]"
716.24,0,"(714.108, 719.884]"
751.22,0,"(747.821, 763.22]"
731.73,0,"(729.815, 733.84]"
731.23,0,"(729.815, 733.84]"
734.18,0,"(733.84, 738.213]"
718.16,0,"(714.108, 719.884]"
714.52,0,"(714.108, 719.884]"
712.16,0,"(706.339, 714.108]"
723.96,0,"(719.884, 725.226]"
725.98,0,"(725.226, 729.815]"
730.46,0,"(729.815, 733.84]"
730.63,0,"(729.815, 733.84]"
709.16,0,"(706.339, 714.108]"
698.07,0,"(692.399, 706.339]"
737.9,0,"(733.84, 738.213]"
741.75,0,"(738.213, 742.46]"
747.03,0,"(742.46, 747.821]"
728.04,0,"(725.226, 729.815]"
753.88,0,"(747.821, 763.22]"
736.17,0,"(733.84, 738.213]"
748.35,0,"(747.821, 763.22]"
711.95,0,"(706.339, 714.108]"
706.57,0,"(706.339, 714.108]"
719.22,0,"(714.108, 719.884]"
699.78,0,"(692.399, 706.339]"
739.64,1,"(738.213, 742.46]"
742.78,0,"(742.46, 747.821]"
733.3,0,"(729.815, 733.84]"
738.23,0,"(738.213, 742.46]"
738.33,0,"(738.213, 742.46]"
731.75,0,"(729.815, 733.84]"
730.15,0,"(729.815, 733.84]"
722.25,0,"(719.884, 725.226]"
699.36,0,"(692.399, 706.339]"
716.34,1,"(714.108, 719.884]"
716.36,1,"(714.108, 719.884]"
710.79,1,"(706.339, 714.108]"
716.75,0,"(714.108, 719.884]"
703.71,1,"(692.399, 706.339]"
735.48,0,"(733.84, 738.213]"
716.91,1,"(714.108, 719.884]"
720.12,0,"(719.884, 725.226]"
715.25,1,"(714.108, 719.884]"
751.77,0,"(747.821, 763.22]"
722.16,0,"(719.884, 725.226]"
698.94,0,"(692.399, 706.339]"
729.99,0,"(729.815, 733.84]"
744.4,0,"(742.46, 747.821]"
721.0,0,"(719.884, 725.226]"
718.85,1,"(714.108, 719.884]"
727.44,0,"(725.226, 729.815]"
713.88,0,"(706.339, 714.108]"
731.74,0,"(729.815, 733.84]"
720.96,0,"(719.884, 725.226]"
749.13,0,"(747.821, 763.22]"
727.87,0,"(725.226, 729.815]"
738.37,0,"(738.213, 742.46]"
741.58,0,"(738.213, 742.46]"
707.05,1,"(706.339, 714.108]"
701.03,0,"(692.399, 706.339]"
718.25,0,"(714.108, 719.884]"
716.45,0,"(714.108, 719.884]"
744.27,0,"(742.46, 747.821]"
705.38,0,"(692.399, 706.339]"
725.29,0,"(725.226, 729.815]"
738.0,0,"(733.84, 738.213]"
729.31,0,"(725.226, 729.815]"
732.05,0,"(729.815, 733.84]"
729.49,0,"(725.226, 729.815]"
725.37,0,"(725.226, 729.815]"
738.61,0,"(738.213, 742.46]"
731.7,0,"(729.815, 733.84]"
742.67,0,"(742.46, 747.821]"
715.81,0,"(714.108, 719.884]"
726.85,0,"(725.226, 729.815]"
701.36,0,"(692.399, 706.339]"
706.77,0,"(706.339, 714.108]"
726.71,0,"(725.226, 729.815]"
731.4,0,"(729.815, 733.84]"
716.0,0,"(714.108, 719.884]"
733.66,0,"(729.815, 733.84]"
737.89,0,"(733.84, 738.213]"
739.55,0,"(738.213, 742.46]"
734.33,0,"(733.84, 738.213]"
708.37,0,"(706.339, 714.108]"
758.77,0,"(747.821, 763.22]"
726.83,0,"(725.226, 729.815]"
706.59,0,"(706.339, 714.108]"
742.76,0,"(742.46, 747.821]"
739.18,1,"(738.213, 742.46]"
745.16,0,"(742.46, 747.821]"
715.19,0,"(714.108, 719.884]"
726.72,0,"(725.226, 729.815]"
701.41,0,"(692.399, 706.339]"
706.23,1,"(692.399, 706.339]"
737.83,0,"(733.84, 738.213]"
742.07,0,"(738.213, 742.46]"
735.23,0,"(733.84, 738.213]"
698.49,1,"(692.399, 706.339]"
725.6,0,"(725.226, 729.815]"
728.85,0,"(725.226, 729.815]"
740.23,0,"(738.213, 742.46]"
746.82,0,"(742.46, 747.821]"
754.34,0,"(747.821, 763.22]"
718.81,0,"(714.108, 719.884]"
737.79,0,"(733.84, 738.213]"
732.72,0,"(729.815, 733.84]"
716.53,0,"(714.108, 719.884]"
717.35,0,"(714.108, 719.884]"
732.57,0,"(729.815, 733.84]"
747.49,0,"(742.46, 747.821]"
728.74,0,"(725.226, 729.815]"
732.54,0,"(729.815, 733.84]"
699.39,0,"(692.399, 706.339]"
712.37,0,"(706.339, 714.108]"
728.93,0,"(725.226, 729.815]"
703.83,0,"(692.399, 706.339]"
736.73,0,"(733.84, 738.213]"
731.38,0,"(729.815, 733.84]"
751.39,0,"(747.821, 763.22]"
728.76,0,"(725.226, 729.815]"
714.18,0,"(714.108, 719.884]"
751.77,0,"(747.821, 763.22]"
735.23,0,"(733.84, 738.213]"
729.21,0,"(725.226, 729.815]"
749.14,0,"(747.821, 763.22]"
744.89,0,"(742.46, 747.821]"
715.99,0,"(714.108, 719.884]"
728.0,1,"(725.226, 729.815]"
730.99,0,"(729.815, 733.84]"
731.23,0,"(729.815, 733.84]"
716.74,0,"(714.108, 719.884]"
740.48,0,"(738.213, 742.46]"
717.05,0,"(714.108, 719.884]"
712.36,0,"(706.339, 714.108]"
712.3,0,"(706.339, 714.108]"
732.24,0,"(729.815, 733.84]"
738.84,0,"(738.213, 742.46]"
731.69,0,"(729.815, 733.84]"
738.47,0,"(738.213, 742.46]"
760.31,0,"(747.821, 763.22]"
704.65,0,"(692.399, 706.339]"
737.9,0,"(733.84, 738.213]"
740.88,0,"(738.213, 742.46]"
711.69,0,"(706.339, 714.108]"
708.64,0,"(706.339, 714.108]"
712.27,0,"(706.339, 714.108]"
704.6,0,"(692.399, 706.339]"
753.31,0,"(747.821, 763.22]"
728.59,0,"(725.226, 729.815]"
722.97,0,"(719.884, 725.226]"
739.61,0,"(738.213, 742.46]"
730.11,0,"(729.815, 733.84]"
720.4,0,"(719.884, 725.226]"
754.77,0,"(747.821, 763.22]"
715.23,0,"(714.108, 719.884]"
712.2,0,"(706.339, 714.108]"
749.14,0,"(747.821, 763.22]"
732.51,1,"(729.815, 733.84]"
725.19,1,"(719.884, 725.226]"
740.6,0,"(738.213, 742.46]"
717.23,0,"(714.108, 719.884]"
713.44,0,"(706.339, 714.108]"
719.87,0,"(714.108, 719.884]"
752.91,0,"(747.821, 763.22]"
749.83,0,"(747.821, 763.22]"
753.32,0,"(747.821, 763.22]"
729.57,0,"(725.226, 729.815]"
703.01,1,"(692.399, 706.339]"
734.6,0,"(733.84, 738.213]"
714.91,0,"(714.108, 719.884]"
721.55,0,"(719.884, 725.226]"
745.27,0,"(742.46, 747.821]"
715.09,0,"(714.108, 719.884]"
746.02,0,"(742.46, 747.821]"
711.26,1,"(706.339, 714.108]"
718.26,0,"(714.108, 719.884]"
731.48,0,"(729.815, 733.84]"
712.45,0,"(706.339, 714.108]"
712.98,0,"(706.339, 714.108]"
701.59,0,"(692.399, 706.339]"
715.14,0,"(714.108, 719.884]"
751.8,0,"(747.821, 763.22]"
708.18,0,"(706.339, 714.108]"
725.15,0,"(719.884, 725.226]"
704.98,0,"(692.399, 706.339]"
759.77,0,"(747.821, 763.22]"
738.19,0,"(733.84, 738.213]"
745.42,0,"(742.46, 747.821]"
735.47,0,"(733.84, 738.213]"
723.2,0,"(719.884, 725.226]"
731.05,0,"(729.815, 733.84]"
712.63,0,"(706.339, 714.108]"
731.17,0,"(729.815, 733.84]"
725.2,0,"(719.884, 725.226]"
728.54,0,"(725.226, 729.815]"
711.77,0,"(706.339, 714.108]"
745.03,0,"(742.46, 747.821]"
720.74,0,"(719.884, 725.226]"
733.45,0,"(729.815, 733.84]"
714.19,1,"(714.108, 719.884]"
730.52,0,"(729.815, 733.84]"
715.07,0,"(714.108, 719.884]"
736.7,0,"(733.84, 738.213]"
735.82,0,"(733.84, 738.213]"
736.28,0,"(733.84, 738.213]"
733.49,0,"(729.815, 733.84]"
695.61,1,"(692.399, 706.339]"
707.03,0,"(706.339, 714.108]"
734.33,0,"(733.84, 738.213]"
734.42,0,"(733.84, 738.213]"
744.8,0,"(742.46, 747.821]"
734.11,0,"(733.84, 738.213]"
755.86,0,"(747.821, 763.22]"
737.38,0,"(733.84, 738.213]"
706.24,0,"(692.399, 706.339]"
740.29,0,"(738.213, 742.46]"
718.62,0,"(714.108, 719.884]"
733.13,0,"(729.815, 733.84]"
718.01,0,"(714.108, 719.884]"
730.83,0,"(729.815, 733.84]"
719.99,0,"(719.884, 725.226]"
737.71,0,"(733.84, 738.213]"
754.29,0,"(747.821, 763.22]"
720.31,0,"(719.884, 725.226]"
727.98,0,"(725.226, 729.815]"
735.22,0,"(733.84, 738.213]"
746.53,0,"(742.46, 747.821]"
715.14,0,"(714.108, 719.884]"
756.82,0,"(747.821, 763.22]"
712.89,0,"(706.339, 714.108]"
697.88,1,"(692.399, 706.339]"
695.77,0,"(692.399, 706.339]"
735.1,0,"(733.84, 738.213]"
739.48,0,"(738.213, 742.46]"
731.85,0,"(729.815, 733.84]"
700.77,0,"(692.399, 706.339]"
727.6,0,"(725.226, 729.815]"
703.3,0,"(692.399, 706.339]"
700.69,0,"(692.399, 706.339]"
751.1,0,"(747.821, 763.22]"
737.7,0,"(733.84, 738.213]"
714.6,0,"(714.108, 719.884]"
753.21,0,"(747.821, 763.22]"
750.49,0,"(747.821, 763.22]"
696.95,1,"(692.399, 706.339]"
737.91,0,"(733.84, 738.213]"
724.24,1,"(719.884, 725.226]"
727.69,1,"(725.226, 729.815]"
712.09,0,"(706.339, 714.108]"
745.16,0,"(742.46, 747.821]"
742.38,0,"(738.213, 742.46]"
731.65,0,"(729.815, 733.84]"
742.11,0,"(738.213, 742.46]"
723.62,0,"(719.884, 725.226]"
735.21,0,"(733.84, 738.213]"
742.83,0,"(742.46, 747.821]"
727.45,0,"(725.226, 729.815]"
745.47,0,"(742.46, 747.821]"
745.1,0,"(742.46, 747.821]"
697.11,0,"(692.399, 706.339]"
735.35,0,"(733.84, 738.213]"
740.75,0,"(738.213, 742.46]"
702.56,0,"(692.399, 706.339]"
729.67,0,"(725.226, 729.815]"
715.48,0,"(714.108, 719.884]"
751.22,0,"(747.821, 763.22]"
717.41,0,"(714.108, 719.884]"
714.37,0,"(714.108, 719.884]"
747.27,0,"(742.46, 747.821]"
718.2,0,"(714.108, 719.884]"
741.47,0,"(738.213, 742.46]"
743.34,0,"(742.46, 747.821]"
712.35,0,"(706.339, 714.108]"
753.95,0,"(747.821, 763.22]"
750.74,0,"(747.821, 763.22]"
737.66,1,"(733.84, 738.213]"
707.76,0,"(706.339, 714.108]"
733.29,0,"(729.815, 733.84]"
720.88,1,"(719.884, 725.226]"
737.78,0,"(733.84, 738.213]"
739.63,0,"(738.213, 742.46]"
719.53,1,"(714.108, 719.884]"
745.58,0,"(742.46, 747.821]"
721.51,0,"(719.884, 725.226]"
737.35,0,"(733.84, 738.213]"
753.31,0,"(747.821, 763.22]"
740.19,0,"(738.213, 742.46]"
705.9,0,"(692.399, 706.339]"
730.2,0,"(729.815, 733.84]"
702.54,0,"(692.399, 706.339]"
701.66,0,"(692.399, 706.339]"
732.14,0,"(729.815, 733.84]"
701.14,1,"(692.399, 706.339]"
726.59,0,"(725.226, 729.815]"
728.15,0,"(725.226, 729.815]"
709.27,0,"(706.339, 714.108]"
724.31,0,"(719.884, 725.226]"
736.9,0,"(733.84, 738.213]"
751.71,0,"(747.821, 763.22]"
749.69,0,"(747.821, 763.22]"
726.29,0,"(725.226, 729.815]"
726.55,0,"(725.226, 729.815]"
732.88,0,"(729.815, 733.84]"
724.36,0,"(719.884, 725.226]"
704.7,0,"(692.399, 706.339]"
715.59,0,"(714.108, 719.884]"
747.45,0,"(742.46, 747.821]"
733.51,0,"(729.815, 733.84]"
713.57,0,"(706.339, 714.108]"
732.62,0,"(729.815, 733.84]"
707.12,0,"(706.339, 714.108]"
721.25,0,"(719.884, 725.226]"
704.48,0,"(692.399, 706.339]"
739.72,0,"(738.213, 742.46]"
733.02,0,"(729.815, 733.84]"
739.8,0,"(738.213, 742.46]"
735.44,0,"(733.84, 738.213]"
723.75,0,"(719.884, 725.226]"
738.78,0,"(738.213, 742.46]"
753.77,0,"(747.821, 763.22]"
729.48,0,"(725.226, 729.815]"
729.5,0,"(725.226, 729.815]"
730.77,0,"(729.815, 733.84]"
723.64,0,"(719.884, 725.226]"
739.34,0,"(738.213, 742.46]"
747.91,0,"(747.821, 763.22]"
731.38,1,"(729.815, 733.84]"
719.92,0,"(719.884, 725.226]"
722.3,0,"(719.884, 725.226]"
733.17,0,"(729.815, 733.84]"
720.51,0,"(719.884, 725.226]"
714.26,0,"(714.108, 719.884]"
749.93,0,"(747.821, 763.22]"
725.07,0,"(719.884, 725.226]"
737.75,0,"(733.84, 738.213]"
725.96,0,"(725.226, 729.815]"
734.62,0,"(733.84, 738.213]"
739.53,0,"(738.213, 742.46]"
723.54,0,"(719.884, 725.226]"
751.66,0,"(747.821, 763.22]"
745.3,0,"(742.46, 747.821]"
734.73,0,"(733.84, 738.213]"
739.58,0,"(738.213, 742.46]"
712.8,0,"(706.339, 714.108]"
733.5,0,"(729.815, 733.84]"
745.89,0,"(742.46, 747.821]"
737.29,0,"(733.84, 738.213]"
748.88,0,"(747.821, 763.22]"
702.2,0,"(692.399, 706.339]"
704.45,0,"(692.399, 706.339]"
700.83,0,"(692.399, 706.339]"
717.09,0,"(714.108, 719.884]"
711.59,0,"(706.339, 714.108]"
722.3,0,"(719.884, 725.226]"
702.02,0,"(692.399, 706.339]"
714.24,0,"(714.108, 719.884]"
722.78,0,"(719.884, 725.226]"
742.58,0,"(742.46, 747.821]"
741.89,0,"(738.213, 742.46]"
711.33,0,"(706.339, 714.108]"
719.61,0,"(714.108, 719.884]"
715.39,0,"(714.108, 719.884]"
723.28,0,"(719.884, 725.226]"
742.27,0,"(738.213, 742.46]"
735.46,0,"(733.84, 738.213]"
706.84,0,"(706.339, 714.108]"
719.67,1,"(714.108, 719.884]"
712.18,0,"(706.339, 714.108]"
718.85,0,"(714.108, 719.884]"
734.04,0,"(733.84, 738.213]"
728.81,0,"(725.226, 729.815]"
718.41,0,"(714.108, 719.884]"
724.4,0,"(719.884, 725.226]"
724.66,0,"(719.884, 725.226]"
752.56,0,"(747.821, 763.22]"
745.5,0,"(742.46, 747.821]"
740.56,0,"(738.213, 742.46]"
720.34,0,"(719.884, 725.226]"
722.7,0,"(719.884, 725.226]"
727.08,1,"(725.226, 729.815]"
703.57,0,"(692.399, 706.339]"
751.5,0,"(747.821, 763.22]"
724.12,0,"(719.884, 725.226]"
736.85,0,"(733.84, 738.213]"
709.84,0,"(706.339, 714.108]"
733.5,0,"(729.815, 733.84]"
751.99,0,"(747.821, 763.22]"
705.97,0,"(692.399, 706.339]"
720.52,0,"(719.884, 725.226]"
734.62,0,"(733.84, 738.213]"
722.1,0,"(719.884, 725.226]"
735.01,0,"(733.84, 738.213]"
730.12,0,"(729.815, 733.84]"
738.33,0,"(738.213, 742.46]"
709.53,0,"(706.339, 714.108]"
733.05,0,"(729.815, 733.84]"
710.61,0,"(706.339, 714.108]"
711.77,0,"(706.339, 714.108]"
743.16,0,"(742.46, 747.821]"
744.92,1,"(742.46, 747.821]"
719.38,0,"(714.108, 719.884]"
716.2,0,"(714.108, 719.884]"
718.62,0,"(714.108, 719.884]"
701.17,0,"(692.399, 706.339]"
742.62,0,"(742.46, 747.821]"
720.48,0,"(719.884, 725.226]"
714.47,0,"(714.108, 719.884]"
727.05,0,"(725.226, 729.815]"
706.94,0,"(706.339, 714.108]"
705.82,0,"(692.399, 706.339]"
704.24,0,"(692.399, 706.339]"
728.98,0,"(725.226, 729.815]"
737.75,0,"(733.84, 738.213]"
742.57,0,"(742.46, 747.821]"
706.74,0,"(706.339, 714.108]"
735.51,0,"(733.84, 738.213]"
743.24,0,"(742.46, 747.821]"
753.68,0,"(747.821, 763.22]"
706.26,0,"(692.399, 706.339]"
741.25,0,"(738.213, 742.46]"
721.34,0,"(719.884, 725.226]"
726.42,0,"(725.226, 729.815]"
730.56,0,"(729.815, 733.84]"
707.96,0,"(706.339, 714.108]"
717.08,0,"(714.108, 719.884]"
741.92,0,"(738.213, 742.46]"
741.39,0,"(738.213, 742.46]"
710.23,1,"(706.339, 714.108]"
741.43,0,"(738.213, 742.46]"
712.02,0,"(706.339, 714.108]"
725.13,0,"(719.884, 725.226]"
732.43,0,"(729.815, 733.84]"
743.75,0,"(742.46, 747.821]"
713.1,0,"(706.339, 714.108]"
728.02,0,"(725.226, 729.815]"
738.8,0,"(738.213, 742.46]"
712.89,0,"(706.339, 714.108]"
749.07,0,"(747.821, 763.22]"
745.72,0,"(742.46, 747.821]"
707.9,0,"(706.339, 714.108]"
720.92,0,"(719.884, 725.226]"
703.59,0,"(692.399, 706.339]"
757.5,0,"(747.821, 763.22]"
724.54,0,"(719.884, 725.226]"
732.84,0,"(729.815, 733.84]"
701.01,0,"(692.399, 706.339]"
726.85,1,"(725.226, 729.815]"
746.71,0,"(742.46, 747.821]"
720.2,0,"(719.884, 725.226]"
750.34,0,"(747.821, 763.22]"
732.22,0,"(729.815, 733.84]"
750.58,0,"(747.821, 763.22]"
719.9,1,"(719.884, 725.226]"
745.07,1,"(742.46, 747.821]"
722.93,0,"(719.884, 725.226]"
720.08,0,"(719.884, 725.226]"
709.75,0,"(706.339, 714.108]"
738.47,0,"(738.213, 742.46]"
713.58,0,"(706.339, 714.108]"
730.76,0,"(729.815, 733.84]"
727.13,0,"(725.226, 729.815]"
730.31,0,"(729.815, 733.84]"
734.38,0,"(733.84, 738.213]"
711.04,0,"(706.339, 714.108]"
701.26,1,"(692.399, 706.339]"
751.26,0,"(747.821, 763.22]"
738.44,0,"(738.213, 742.46]"
734.03,0,"(733.84, 738.213]"
745.25,0,"(742.46, 747.821]"
730.75,0,"(729.815, 733.84]"
732.45,0,"(729.815, 733.84]"
752.33,0,"(747.821, 763.22]"
736.04,0,"(733.84, 738.213]"
719.38,0,"(714.108, 719.884]"
722.8,0,"(719.884, 725.226]"
712.28,0,"(706.339, 714.108]"
751.66,0,"(747.821, 763.22]"
707.92,0,"(706.339, 714.108]"
731.62,0,"(729.815, 733.84]"
704.87,0,"(692.399, 706.339]"
744.66,0,"(742.46, 747.821]"
736.66,0,"(733.84, 738.213]"
733.79,0,"(729.815, 733.84]"
737.32,0,"(733.84, 738.213]"
754.91,0,"(747.821, 763.22]"
746.03,0,"(742.46, 747.821]"
721.3,0,"(719.884, 725.226]"
731.76,0,"(729.815, 733.84]"
717.79,0,"(714.108, 719.884]"
715.93,0,"(714.108, 719.884]"
734.7,0,"(733.84, 738.213]"
722.75,0,"(719.884, 725.226]"
725.03,0,"(719.884, 725.226]"
703.59,0,"(692.399, 706.339]"
751.74,0,"(747.821, 763.22]"
733.5,0,"(729.815, 733.84]"
700.5,0,"(692.399, 706.339]"
709.43,0,"(706.339, 714.108]"
729.7,0,"(725.226, 729.815]"
734.01,0,"(733.84, 738.213]"
709.17,0,"(706.339, 714.108]"
739.7,0,"(738.213, 742.46]"
728.19,0,"(725.226, 729.815]"
735.31,0,"(733.84, 738.213]"
746.18,0,"(742.46, 747.821]"
724.51,0,"(719.884, 725.226]"
723.74,1,"(719.884, 725.226]"
754.11,0,"(747.821, 763.22]"
757.02,0,"(747.821, 763.22]"
748.7,0,"(747.821, 763.22]"
743.74,0,"(742.46, 747.821]"
740.21,0,"(738.213, 742.46]"
737.88,0,"(733.84, 738.213]"
726.9,0,"(725.226, 729.815]"
737.53,0,"(733.84, 738.213]"
741.63,0,"(738.213, 742.46]"
741.9,0,"(738.213, 742.46]"
713.27,0,"(706.339, 714.108]"
706.76,0,"(706.339, 714.108]"
723.68,0,"(719.884, 725.226]"
711.3,1,"(706.339, 714.108]"
738.1,0,"(733.84, 738.213]"
703.68,0,"(692.399, 706.339]"
704.8,0,"(692.399, 706.339]"
729.55,0,"(725.226, 729.815]"
727.76,0,"(725.226, 729.815]"
731.57,0,"(729.815, 733.84]"
730.02,0,"(729.815, 733.84]"
746.83,0,"(742.46, 747.821]"
760.06,0,"(747.821, 763.22]"
739.02,0,"(738.213, 742.46]"
719.87,0,"(714.108, 719.884]"
757.94,0,"(747.821, 763.22]"
728.25,0,"(725.226, 729.815]"
748.46,0,"(747.821, 763.22]"
736.17,0,"(733.84, 738.213]"
735.81,0,"(733.84, 738.213]"
700.08,0,"(692.399, 706.339]"
716.33,0,"(714.108, 719.884]"
743.61,0,"(742.46, 747.821]"
726.22,1,"(725.226, 729.815]"
738.92,0,"(738.213, 742.46]"
732.15,0,"(729.815, 733.84]"
695.91,1,"(692.399, 706.339]"
735.28,0,"(733.84, 738.213]"
744.95,0,"(742.46, 747.821]"
705.12,0,"(692.399, 706.339]"
696.71,1,"(692.399, 706.339]"
760.17,0,"(747.821, 763.22]"
706.34,1,"(706.339, 714.108]"
702.97,0,"(692.399, 706.339]"
741.51,0,"(738.213, 742.46]"
717.63,0,"(714.108, 719.884]"
746.84,0,"(742.46, 747.821]"
708.82,0,"(706.339, 714.108]"
717.25,0,"(714.108, 719.884]"
749.63,0,"(747.821, 763.22]"
734.73,0,"(733.84, 738.213]"
701.09,0,"(692.399, 706.339]"
729.08,0,"(725.226, 729.815]"
747.19,0,"(742.46, 747.821]"
731.97,0,"(729.815, 733.84]"
718.97,0,"(714.108, 719.884]"
730.84,0,"(729.815, 733.84]"
730.13,0,"(729.815, 733.84]"
716.93,0,"(714.108, 719.884]"
731.75,0,"(729.815, 733.84]"
748.21,0,"(747.821, 763.22]"
729.99,0,"(729.815, 733.84]"
733.36,0,"(729.815, 733.84]"
741.68,0,"(738.213, 742.46]"
710.96,0,"(706.339, 714.108]"
728.69,0,"(725.226, 729.815]"
732.38,0,"(729.815, 733.84]"
732.38,0,"(729.815, 733.84]"
741.27,0,"(738.213, 742.46]"
737.62,0,"(733.84, 738.213]"
736.79,0,"(733.84, 738.213]"
735.82,0,"(733.84, 738.213]"
743.77,0,"(742.46, 747.821]"
726.84,0,"(725.226, 729.815]"
731.63,0,"(729.815, 733.84]"
714.05,0,"(706.339, 714.108]"
722.43,0,"(719.884, 725.226]"
729.69,0,"(725.226, 729.815]"
717.77,0,"(714.108, 719.884]"
708.72,0,"(706.339, 714.108]"
743.37,0,"(742.46, 747.821]"
718.29,0,"(714.108, 719.884]"
718.26,1,"(714.108, 719.884]"
750.64,0,"(747.821, 763.22]"
721.52,0,"(719.884, 725.226]"
743.68,0,"(742.46, 747.821]"
738.97,0,"(738.213, 742.46]"
721.45,0,"(719.884, 725.226]"
718.0,0,"(714.108, 719.884]"
743.95,0,"(742.46, 747.821]"
730.58,0,"(729.815, 733.84]"
742.33,0,"(738.213, 742.46]"
717.99,0,"(714.108, 719.884]"
723.82,0,"(719.884, 725.226]"
747.59,0,"(742.46, 747.821]"
733.54,0,"(729.815, 733.84]"
727.47,0,"(725.226, 729.815]"
749.29,0,"(747.821, 763.22]"
739.6,0,"(738.213, 742.46]"
751.63,0,"(747.821, 763.22]"
749.01,0,"(747.821, 763.22]"
731.24,0,"(729.815, 733.84]"
712.94,0,"(706.339, 714.108]"
731.73,0,"(729.815, 733.84]"
737.65,0,"(733.84, 738.213]"
711.21,0,"(706.339, 714.108]"
739.24,0,"(738.213, 742.46]"
738.68,0,"(738.213, 742.46]"
740.25,0,"(738.213, 742.46]"
749.8,0,"(747.821, 763.22]"
730.73,0,"(729.815, 733.84]"
707.75,0,"(706.339, 714.108]"
738.16,0,"(733.84, 738.213]"
747.71,0,"(742.46, 747.821]"
742.36,0,"(738.213, 742.46]"
757.39,0,"(747.821, 763.22]"
743.4,0,"(742.46, 747.821]"
739.38,0,"(738.213, 742.46]"
707.49,0,"(706.339, 714.108]"
692.71,0,"(692.399, 706.339]"
733.26,0,"(729.815, 733.84]"
722.03,0,"(719.884, 725.226]"
729.91,0,"(729.815, 733.84]"
721.27,0,"(719.884, 725.226]"
698.93,0,"(692.399, 706.339]"
705.37,0,"(692.399, 706.339]"
737.59,0,"(733.84, 738.213]"
704.26,0,"(692.399, 706.339]"
748.54,0,"(747.821, 763.22]"
727.69,0,"(725.226, 729.815]"
733.83,0,"(729.815, 733.84]"
705.08,0,"(692.399, 706.339]"
751.11,0,"(747.821, 763.22]"
740.18,0,"(738.213, 742.46]"
708.83,1,"(706.339, 714.108]"
745.34,0,"(742.46, 747.821]"
703.72,0,"(692.399, 706.339]"
719.07,1,"(714.108, 719.884]"
735.86,0,"(733.84, 738.213]"
702.9,0,"(692.399, 706.339]"
744.16,0,"(742.46, 747.821]"
710.92,0,"(706.339, 714.108]"
727.98,0,"(725.226, 729.815]"
742.23,0,"(738.213, 742.46]"
712.06,0,"(706.339, 714.108]"
711.37,0,"(706.339, 714.108]"
738.19,0,"(733.84, 738.213]"
701.59,0,"(692.399, 706.339]"
741.72,0,"(738.213, 742.46]"
713.46,0,"(706.339, 714.108]"
742.94,0,"(742.46, 747.821]"
718.18,0,"(714.108, 719.884]"
725.59,0,"(725.226, 729.815]"
715.71,0,"(714.108, 719.884]"
737.09,0,"(733.84, 738.213]"
731.12,0,"(729.815, 733.84]"
722.0,0,"(719.884, 725.226]"
742.46,0,"(738.213, 742.46]"
727.97,1,"(725.226, 729.815]"
728.69,0,"(725.226, 729.815]"
748.28,0,"(747.821, 763.22]"
741.75,0,"(738.213, 742.46]"
741.71,0,"(738.213, 742.46]"
706.1,0,"(692.399, 706.339]"
712.66,0,"(706.339, 714.108]"
735.21,0,"(733.84, 738.213]"
749.05,0,"(747.821, 763.22]"
746.66,0,"(742.46, 747.821]"
726.66,0,"(725.226, 729.815]"
702.94,1,"(692.399, 706.339]"
746.55,0,"(742.46, 747.821]"
726.52,1,"(725.226, 729.815]"
739.45,0,"(738.213, 742.46]"
710.6,0,"(706.339, 714.108]"
731.11,0,"(729.815, 733.84]"
741.87,0,"(738.213, 742.46]"
724.98,0,"(719.884, 725.226]"
721.02,0,"(719.884, 725.226]"
753.96,0,"(747.821, 763.22]"
721.35,0,"(719.884, 725.226]"
717.3,1,"(714.108, 719.884]"
706.51,1,"(706.339, 714.108]"
717.73,0,"(714.108, 719.884]"
704.05,0,"(692.399, 706.339]"
751.67,0,"(747.821, 763.22]"
721.27,0,"(719.884, 725.226]"
737.98,0,"(733.84, 738.213]"
719.15,0,"(714.108, 719.884]"
743.25,0,"(742.46, 747.821]"
742.58,0,"(742.46, 747.821]"
731.1,0,"(729.815, 733.84]"
748.08,0,"(747.821, 763.22]"
712.82,0,"(706.339, 714.108]"
731.47,0,"(729.815, 733.84]"
718.76,0,"(714.108, 719.884]"
741.32,0,"(738.213, 742.46]"
700.22,0,"(692.399, 706.339]"
720.2,0,"(719.884, 725.226]"
727.99,0,"(725.226, 729.815]"
742.19,0,"(738.213, 742.46]"
738.87,0,"(738.213, 742.46]"
760.22,0,"(747.821, 763.22]"
741.48,0,"(738.213, 742.46]"
736.21,0,"(733.84, 738.213]"
720.54,1,"(719.884, 725.226]"
748.78,0,"(747.821, 763.22]"
726.32,0,"(725.226, 729.815]"
712.54,0,"(706.339, 714.108]"
731.28,0,"(729.815, 733.84]"
725.51,0,"(725.226, 729.815]"
729.26,0,"(725.226, 729.815]"
716.97,0,"(714.108, 719.884]"
747.8,0,"(742.46, 747.821]"
731.57,0,"(729.815, 733.84]"
702.32,0,"(692.399, 706.339]"
738.92,0,"(738.213, 742.46]"
738.24,0,"(738.213, 742.46]"
737.61,0,"(733.84, 738.213]"
713.23,0,"(706.339, 714.108]"
726.49,1,"(725.226, 729.815]"
722.87,0,"(719.884, 725.226]"
719.37,0,"(714.108, 719.884]"
746.0,0,"(742.46, 747.821]"
741.22,0,"(738.213, 742.46]"
719.11,0,"(714.108, 719.884]"
713.47,0,"(706.339, 714.108]"
740.79,0,"(738.213, 742.46]"
716.0,0,"(714.108, 719.884]"
738.77,0,"(738.213, 742.46]"
742.32,0,"(738.213, 742.46]"
729.93,0,"(729.815, 733.84]"
716.1,0,"(714.108, 719.884]"
729.61,0,"(725.226, 729.815]"
706.28,0,"(692.399, 706.339]"
728.97,0,"(725.226, 729.815]"
711.9,0,"(706.339, 714.108]"
727.51,0,"(725.226, 729.815]"
752.25,0,"(747.821, 763.22]"
748.18,0,"(747.821, 763.22]"
739.07,1,"(738.213, 742.46]"
700.53,0,"(692.399, 706.339]"
738.7,0,"(738.213, 742.46]"
703.27,0,"(692.399, 706.339]"
713.47,0,"(706.339, 714.108]"
735.57,0,"(733.84, 738.213]"
715.48,0,"(714.108, 719.884]"
719.83,1,"(714.108, 719.884]"
743.35,0,"(742.46, 747.821]"
706.28,1,"(692.399, 706.339]"
731.31,0,"(729.815, 733.84]"
723.7,0,"(719.884, 725.226]"
740.97,0,"(738.213, 742.46]"
755.68,0,"(747.821, 763.22]"
746.5,0,"(742.46, 747.821]"
728.75,0,"(725.226, 729.815]"
703.14,1,"(692.399, 706.339]"
735.58,0,"(733.84, 738.213]"
729.74,0,"(725.226, 729.815]"
737.68,0,"(733.84, 738.213]"
720.82,0,"(719.884, 725.226]"
745.39,0,"(742.46, 747.821]"
701.78,1,"(692.399, 706.339]"
736.0,0,"(733.84, 738.213]"
747.8,0,"(742.46, 747.821]"
